AARP,AMA1,ASP,Buffer,CD4TAG,CLAG3.2,CommercialHumanIgG,EBA140,EBA175,EBA181,ETRAMP10.2,GAMA,GST,H101,Landmark,MBP,MSP1,MSP10,MSP11,MSP1Block17,MSP1Block23D7full,MSP1Block23D7repeat,MSP1Block2K1flank,MSP1Block2MAD20full,MSP1Block2MAD20repeat,MSP1Block2PaloAltorepeat,MSP1Block2R033,MSP1Block2Wellcomefull,MSP1Block2Wellcomerepeat,MSP2,MSP2CH15019DBL2,MSP2CHO,MSP2DD2,MSP3,MSP3.5,MSP3.6,MSP33D7,MSP3K1,MSP4,MSP5,MSP6,MSP7,MSP8,MSP9,MSPDBL2C.terminal,MSPDBL2N.terminal,MSPDBLC.terminal,MSPDBLN.terminal,MSRP1,MSRP2,MSRP3,MSRP4,MSRP5,MTRAP,P12,P34,P38,P41,PF10_0166,PF113,PF13_0125,PF1400044,PF3D7.1137300,PF3D7.1431400,PF3D7_0206200,PF3D7_0525800.IMC1g.,PF3D7_0606800,PF3D7_0629500_SEG1,PF3D7_0629500_SEG2,PF3D7_0730800.2,PF3D7_0830500,PF3D7_0831400,PF3D7_0925900,PF3D7_1025300,PF3D7_1105800,PF3D7_1136200,PF3D7_1229300,PF3D7_1237900,PF3D7_1252300,PF3D7_1343700.KELCH.,PF3D7_1345100,PF3D7_1401600.PHISTB.,PF3D7_1407800.PM4.,PF3D7_1455300,PF3D7_1460600.ISP3.,PF3D7_1462300,PF92,PFA0135W,PFA0210c,PFA0445W,PFD1130W,PfD1160W18,PfD1160W19,PFSEA,PTEX150,PTRAMP,RAMA,RH1,RH2b,RH5,RHOPH3,RIPR,RON3,RON6,SERA2,SERA3,SERA4,SERA5,SERA7,SERA9,SPATR,Surfin4.23D7A,Surfin4.23D7B,Surfin4.2Conserved,Surfin4.2K1,Surfin4.2K1A,TLP
-10,692,407.5,12.5,27.5,280.5,39045.5,1191.5,181,40,276.5,268.5,52.5,141,61228.5,187.5,146.5,494.5,220,357.5,95.5,287.5,287,231.5,151,85,225.5,300,173,272,250,301.5,685.5,296,133.5,841,30.5,16,482.5,255,177.5,147,187.5,154.5,267.5,365.5,293,39.5,149.5,182,166.5,302,50.5,-20.5,224,81.5,173.5,23.5,167,205,18.5,262.5,181.5,238,179.5,426,91,201.5,841.5,651.5,117.5,358,99,-8,298.5,273,479.5,-16.5,-2.5,118.5,303,228.5,-2,455,294,61.5,153.5,62.5,206.5,403.5,95,4141,1014.5,997,221.5,414.5,290.5,466.5,248.5,203.5,97,21,313,381.5,55,312,217.5,224,549,131.5,348,271.5,-19.5,36.5,138.5,22.5,164
-10.5,672,321,-131.5,26.5,326,19343.5,12.5,191,27,216.5,200,-16.5,147,59693.5,174,140,399,161.5,247,123,963.5,313.5,287,190,131,419,314.5,337,276.5,-46.5,141,184.5,288,171.5,17448.5,15.5,2,277.5,227,145,140.5,156,112.5,704,388.5,280.5,43,121.5,169,98.5,231,27.5,8,159,42,178,28.5,155,207,28,296.5,201,286.5,142,486,87,174.5,965,482.5,117.5,429.5,81,-12.5,352.5,257,529,-16,-5.5,138.5,323,257.5,-8,477.5,272,63,151,98.5,266,448.5,86.5,935,-55,1358.5,182.5,477,213.5,457.5,268,169,84,5,332,446.5,143.5,304.5,206.5,236,672.5,120.5,353,286,7,127,113,8,201.5
-3,588,325,348,89,318,10600,-0.5,213,42.5,262.5,166.5,58,131.5,61124,211.5,164,333,168,382.5,246.5,512,357,260.5,260.5,138,597,446,256,275,66,303.5,223,319.5,196.5,511,32,27,267,271.5,176,141,135,131,1486.5,600,280.5,67.5,149,167.5,112,194.5,80,67.5,224,67,327,76.5,191.5,232.5,34,287.5,276.5,273,189.5,472,110.5,202.5,1148,572,138.5,418.5,120.5,-14,373.5,422,524.5,-17.5,-18,167.5,404,240.5,-3,474.5,332,105.5,174.5,109.5,221.5,472.5,165.5,934.5,37,1060.5,195,429.5,404.5,445.5,381,223.5,131.5,247,357,407.5,251,257,217,270,634.5,165,471.5,576.5,-34.5,191,164,107,226.5
-13.5,1757,518.5,14031.5,29.5,306,39861.5,-18.5,229.5,39.5,356.5,258.5,56.5,171,62031.5,214.5,319,1563.5,281,343.5,216,987,568,217.5,186.5,149,552.5,322.5,423,288.5,106.5,325.5,373.5,497.5,203.5,309.5,38,3,556,388,139,195,158,88,1200,398,174.5,82.5,212.5,217,123,259.5,36.5,134,215.5,37,341.5,22,223.5,344,27.5,215.5,241.5,303.5,131,458.5,69.5,204.5,984,579.5,126.5,284,68.5,-10,193.5,297,521.5,-13.5,-4,139,306,294,3.5,395.5,236,93.5,106.5,43,225,446,76,695.5,28,1741,183,359,355.5,531,306.5,186.5,125.5,21,286.5,356.5,82.5,280,249.5,687.5,601.5,136.5,551,304.5,2.5,67.5,113.5,38.5,155.5
-10.5,2567.5,532,-53,25.5,367.5,30214.5,-1.5,691,79,234,302,-28,200.5,61086,226.5,719.5,1875,6991,323,281.5,496.5,231.5,122,168,191,266.5,234.5,-234.5,568.5,329.5,710.5,792,957.5,337.5,342,37.5,-3.5,1404,457,283.5,305.5,200.5,181,396.5,364.5,245,54,395,320.5,150,481.5,43.5,200.5,241.5,61,473.5,68.5,276.5,698.5,37,286,271,399,139,415.5,142.5,199,713.5,719.5,123.5,354.5,121,-8.5,269.5,707.5,501.5,-14,-3,145.5,256.5,289,-4,408.5,222.5,95,182.5,112.5,311,548.5,173,211.5,143,1401,328.5,407.5,448.5,836.5,371,275.5,282,73,362.5,353.5,150,413.5,474.5,542.5,659.5,257,740,337.5,-78.5,153.5,136.5,49.5,215
-6.5,61044,58596.5,87,1787.5,9719,39192,-261.5,61124.5,5274.5,32967.5,48118.5,7050.5,35794.5,58303.5,44480.5,42538.5,58874,61402,59652.5,35251.5,59696,58511,50599,61545,35882,59184,61481.5,59526.5,61758,60451,60390.5,52273.5,60468,45279.5,14299,21583.5,1577,61208,58664.5,57678,61660,47351,10821.5,59723,61061.5,60273.5,24409,44293,45891.5,56576,61553.5,5748.5,5612,13763,2398.5,61943.5,1991.5,61651.5,60813.5,1265.5,8134,23109.5,18029,12121,16683,9444,3000,28770,62360,16115.5,12009.5,4434.5,-129.5,10364.5,46013.5,12697,-22,-120.5,-46,8556,45924,938,6427,11211.5,4042,15363,9949,22160,17901,7379,17530.5,23822,60642.5,62082.5,18161,18125.5,49988.5,5702.5,9862.5,21136,806,9641,12466.5,20038,31679.5,39238.5,25609,15807.5,12984,27592,61329.5,2204.5,36490.5,27479.5,35990.5,25833
947.5,59979.5,49045.5,78.5,2371,16032,39859,-634,27215.5,7176,7166.5,40953.5,2337,18960.5,59624,26062,58177,55875,36301,29899.5,61596,28401.5,62436,26632.5,21506,9324.5,42632,46039.5,23905.5,61899,51116.5,62315.5,62063,44954,43781.5,9085,3466,2448.5,61261.5,23509,29602,60368,21371.5,11610.5,60062,61284,23489.5,6132.5,49293.5,56803.5,35292,54968,6694,-501,8653.5,5671.5,16186,11367.5,56774,60301,3215.5,8778,15079,16003.5,16615,16916.5,5695,5744,28470.5,62074.5,12891,12118.5,5695,-198,9821,19509,20550,172.5,-32,425.5,14831.5,43834,1085,10985.5,10033,6099,15920.5,10784,15899.5,30695.5,5313,25510.5,13332,61437.5,61226,18377,31666,15237,8661.5,12875.5,13224,-197,18393,11419,13402.5,20666.5,15717.5,24695.5,10308.5,15055.5,38991.5,53902.5,548.5,8396.5,13087,4068.5,18062
754,53524,47078.5,99.5,4479.5,7807.5,38626,-18,60591.5,15857,4293.5,47623.5,2538.5,23539.5,59281,30917,60925.5,59662,55772,43856,12157.5,34030,48923,22307.5,62484.5,25634.5,24295,61162.5,38674,62461.5,61114,62220,60741,37552.5,41284,29306.5,7262,1908.5,61110,15899.5,21986,60883,62045.5,11125,32995.5,42627,38427,30673.5,60686.5,59675,9511.5,62056,4476,499.5,4685,2758.5,15425.5,2054.5,26876,61247.5,1156.5,8026.5,12096.5,16047.5,10951,21375,4453,8419.5,26995,62890,5794,15343.5,6169.5,-83.5,15245.5,27232.5,14945,-34,-7,468.5,7762,29864.5,573,12719,12420.5,5693,12423,6102.5,23302.5,12650,4581.5,58837.5,4654.5,61229.5,61992.5,23659.5,29588.5,40203.5,5093.5,7602,27144.5,270.5,14431,7352,28507,28667.5,61965,24383,13712,13014.5,31178,48140,680,33765,15396,5813.5,10013
-329.5,58914,60005.5,1118,5880.5,34482.5,37004,194,60733.5,10911,23382,60991.5,7166.5,61200,57494.5,43970.5,60879,58046.5,59718,58853,46071,49671,60868.5,51628.5,23323,16845,44522,60840.5,40872,61221.5,59992.5,60677,58917,60188,61101,25189,7168,982.5,57872,55854,44587,60301.5,60129.5,31729,59342.5,59878,46723,14943.5,60754.5,60109,32519.5,60946,18314.5,1463,44683.5,9409.5,48333,9597.5,45306,58719.5,1444.5,34202.5,37602.5,39346.5,21823,44364,9899.5,16125.5,51686.5,61439,16871.5,41776,10005.5,384.5,25047,38334.5,44321,-323.5,-290,-42.5,27203,61248.5,-2,26976,27572,7136.5,35434.5,12903,56563,27100,18568,58975.5,27035,57442,61391.5,55753,56306,61377,7336.5,27281,61103,737,57583.5,26901.5,58464,61079.5,60557.5,54922.5,38037.5,35608,60429.5,60027.5,484,50934,21843,12305.5,38788.5
198,60461,44548,175.5,2234,23705.5,28829.5,800,21652,6555,9639,50280.5,3086,20032,59028,35963,43705.5,60501.5,58277.5,61462.5,60533.5,61313.5,13095.5,61655,17739.5,60264,61276.5,23043,17981,61609.5,53683.5,61471.5,57336,60664.5,40749,8061,6329.5,647,61258,30575,34088.5,60522.5,39356.5,16111.5,33529.5,57853,20065.5,57109.5,58989.5,60516.5,13369.5,61535.5,4330.5,8392,8483,4372,19872.5,1035.5,40223,61071,1870.5,8642,12674,19819.5,25033,16446.5,6780.5,10541,21836.5,61554.5,9843.5,12043.5,9745.5,-282,12470,60417,16283,-25,-113,241,10942,19687,102.5,13303,14476,9838.5,10275.5,5977.5,24219,28218.5,4630.5,11380,6545.5,60777,58993.5,13596,60354,61360.5,7844.5,18618,57319,1012.5,15817.5,12840,12930.5,53078,61569,12915.5,14492,14563.5,45553.5,37395.5,77.5,15831.5,7965,6228.5,21223
506.5,55323.5,57474.5,1595.5,4725,46626,27813.5,-440,54828.5,18910.5,9945,55134,7862,34700.5,54455.5,53323.5,56222.5,56137,57067,56384.5,55224,54818.5,57961,40613.5,26814,16899,50300.5,57877,49137,57150.5,57249,56787.5,46416,55786,57634.5,26154,13800.5,2650.5,54667,56035.5,56763.5,57057,56070.5,20370,55987.5,56583.5,35427,35886.5,53687,55656,38585.5,54135.5,7463,-23.5,28162,19181.5,11834,5014,57012.5,56934.5,2545.5,21785,26645.5,50103,15589,27693.5,10250.5,23531.5,32075.5,58203,13162,30423.5,15768.5,165,19939,50851,49298,1125.5,-149,724.5,11007.5,57830,269,15214,23067.5,10743,28816,11649,39766.5,39889,8506,57024.5,32196,56129,57480,33235,44894.5,58009,17164.5,40637,52042,1281,26608.5,25840.5,35857.5,57000,56563.5,55634.5,21410,19326.5,57698.5,56993,3018,48722.5,25065.5,12992,30781.5
-168,60649,26803,24,1400.5,5749.5,51733,2529.5,46287.5,19679,3776,24295.5,1888.5,5409,57707.5,21312.5,31485.5,58877,59709,32464,60891,28621,61186.5,22193,12465,17217,23825.5,37182,11251.5,61701,59824,61031,59533.5,59141.5,18423.5,5370,1513.5,923,59733.5,19094.5,37858,60214.5,17176.5,14637.5,24337.5,35029,54055.5,43505,36941,21533,5986,38916,1771.5,-220.5,3872,1569,8418,5293.5,21073.5,11403.5,231,7968,6369.5,9073,7997.5,15377.5,2323,2321.5,19371.5,61983,2677,13419.5,6011,-158.5,9147,4691,9089.5,-135,-278,-138.5,8108,13185,-39.5,8489.5,13883,2120,14553.5,5042.5,12126,5890,5665,19479,16831.5,52369.5,22061.5,21151.5,20708,6511,1409,3490,4441.5,-332.5,10651.5,7552.5,11041,14504.5,3883.5,14544.5,9855,2995.5,17329.5,30415.5,129,40233.5,12788,2670,7981.5
306.5,59954.5,56662,953.5,6391.5,10922.5,15398.5,1815.5,14946,7510,7886,47672,3870,27727.5,56171,19227.5,59186,55725,42401.5,7264,10539,10127,55424.5,41636.5,26995.5,11195,7999,61113.5,5149.5,61155,19718,23950.5,50164,58348.5,44000,38689,4240,1679,58577,47326,26107.5,38140,43795,12430.5,9241.5,22966.5,41582.5,25496.5,57479.5,26955,7585.5,60677.5,1640.5,3483,7492,5960,7965.5,1590.5,42730.5,43745.5,415,16667,17072,22406.5,11567.5,33336.5,5377,5460.5,31340,60671,7064,29855,6165,-91.5,20613.5,11803.5,6719,-81,-79.5,261.5,9176.5,24618,-76.5,21205,29664.5,5336.5,22277,11969,20476.5,18158,9650,49238,37003.5,58873.5,60913.5,33708,38602,19410,5712,9207,9153,412,22449.5,15792.5,37532,37296,27338,44966.5,18563.5,14260.5,39798,58292,877,48368.5,24966,10515,13259.5
354.5,54995,58507.5,283,2995,9269,36316.5,5765,58321,18113,4350.5,53079.5,3256,19316,55038.5,57204.5,50896,56899,57390,58190.5,59211,34251,59493,23916.5,25748.5,19163,56795.5,59803.5,55616,57252,59138.5,57732,56321,58392,47958.5,12299,23692.5,2693,57939,40678.5,33454,49505,57979.5,12385,44837,57946,22764,51845.5,58221.5,515.5,6926.5,58604.5,1887,45104,19565.5,4003.5,36704,57637,58434.5,58544,1003,10439.5,9515,18072.5,13785,15065.5,6213.5,7933,22811.5,59535.5,4291,14229,3990.5,-94,9610.5,56445.5,14866,-175.5,-53,365.5,9290.5,28631.5,-20.5,7728,11571,6634.5,13181,7147.5,16240,17341.5,5961,56249,13877,57589,57493.5,16974.5,32506,27483.5,4740.5,7798.5,15889,981,11070.5,7642,27068,23140,58813,57418,12611,9486,39626.5,59110.5,1023,41709.5,12018.5,28487,13535
-203,58640.5,60802,4020,8828,35247.5,39788,13081,58025,61575,25570,59817.5,18805.5,57746,58191.5,58067.5,51784,57121.5,60398.5,59544,55171.5,59188.5,60879,61380,58053,57752.5,59079,60985.5,59207,60645,59783,59692,53095.5,60742,60923,54098.5,50838,7739,58774,57068.5,60256,60946.5,60045,58045,58574.5,58768.5,61614,59429.5,57293.5,53272,38097.5,59472,21920,496.5,33655.5,19100.5,43844,29103.5,61126.5,60634.5,6541.5,38141,41635.5,38947,41871,52038.5,32586,19991.5,62038.5,61403,24182,49462.5,35203,100,36131,59581.5,46498,174.5,-111,399,39347,61160.5,1611.5,45795,49120,24774,57757.5,37611.5,45924.5,43005.5,29320.5,58420,47657,60462,58968,54900.5,59654,61327,17271,24814.5,61254,4136.5,56237,44199,60347,60583,61278,60502.5,45170,44190.5,61559,59241.5,2718.5,58947.5,50560.5,27018.5,61022
41,63944,6636,-10.5,340,2104.5,34185,250.5,37364,6662,1766,5857,674,3338,59293.5,5572,56644,63896.5,19391,18160.5,12482.5,10865.5,11640,3177.5,7008.5,6070.5,6731.5,13403,8365.5,25264.5,36539,51818.5,54214,22682.5,8144,12028,3861.5,560,64139.5,14238.5,9479.5,9498,4519.5,4134.5,7845.5,8179.5,4469.5,6087,25098,14927.5,1614,14797.5,1301,1022,2074.5,659,7879.5,1573,6025,21647.5,357,1693.5,1845,2225,2232,3053,1581.5,1737,4219.5,21579.5,924.5,2308.5,951.5,-11.5,2018.5,4785.5,3019.5,-6,-23.5,202,1602.5,3603.5,74.5,2302,1930.5,1099.5,2333.5,2184.5,2369.5,3306,2265.5,5624.5,1589,16937.5,13172,2546,8364.5,14028,1371.5,2419,9484,501,2015,2190.5,5037.5,7719,19554,17249,4392.5,3287,5158,7599,279,4776.5,2285,1280.5,3019.5
-22,9031,873.5,-10,28.5,533.5,41269,97.5,3123,414.5,480.5,700.5,77.5,360.5,61347,413,4309.5,8208,1331,516.5,808,547.5,1008.5,428.5,459,494.5,489.5,912.5,-473,2072.5,479,3550.5,3590,1967.5,765,2056.5,64.5,34,6104,900,806.5,737,482.5,448.5,609.5,566.5,381.5,552.5,1852.5,1075,170,1359.5,84,75,381,102,902,181.5,406,1444.5,39,549,298.5,417,295.5,731.5,222,178,1059,1547,195.5,503,175.5,-20,463.5,891,554,-30.5,-5,101.5,468.5,446,-8.5,999,735,70.5,328,272.5,454.5,519.5,295.5,5836,211.5,1503,1151,760.5,905.5,1773,308,321,712,74,480.5,665.5,187,917,1344,1236.5,1331.5,525.5,854,546.5,-106,376.5,161,139,552.5
-801.5,52860.5,55139.5,637,22952.5,54420,27854.5,51445.5,46703.5,55515.5,53515.5,52924,40483.5,55417,48594,48564,39657,53264,53922,51359.5,36780,51881,53642,54859,845,46333.5,53412.5,53207.5,51982,54026.5,52989,51170,38462.5,55392,53948.5,53357,46632,15342,51821,53414,54785.5,55342,53677.5,50102.5,53270,53790.5,55453,53977,41466.5,4146.5,55372.5,52607,16941.5,48463.5,54791.5,21816,56349,53854.5,55376,53555.5,4719,47312.5,55454.5,55872,56215.5,55543,52426,40424,55952,54702,46995,55510,54392,1322,56161,55209.5,56593,679.5,-138.5,940.5,56000.5,55865.5,386.5,55577.5,55575.5,29974.5,49029,55798,55608.5,56747,52094,51711.5,54830.5,54955,51882.5,55964,53955.5,54586.5,36198,52500,55919,9747.5,52874,44517.5,52664.5,54548.5,56152,54346,53655.5,53497.5,56485,54212.5,11355.5,53493.5,54998.5,54211,53471
168,61085,26230,-128,1341.5,4941.5,37223,3564,62131,18628,5479.5,22885.5,2432.5,11432.5,60292,19973.5,59716.5,61332.5,62883,56783.5,39023,23345,22902,12805.5,24014,22302.5,21522,47083.5,14765,63611,45662.5,62915,59720,63354,32434.5,24591.5,9804.5,814,61997,40225.5,32015,34556,19059.5,14141.5,21576.5,27155,16317.5,22178.5,62500,60368,4853.5,59749.5,3298,9877,6609,2306,23489.5,6486.5,18952.5,63572,636,7415.5,3985.5,8338,6395,11086,4381,2405,15473.5,63788,2377,5314,3873.5,-8.5,3124,16954.5,6464.5,-13,-54.5,179.5,4672.5,10425,104,7607.5,6764,2301,8801.5,4916.5,6941,8297,6784,8513,4385,63202.5,50176,5584,25769.5,36483,2730.5,6519.5,29932,1314,8117,6544,5244,24170.5,60441,61939.5,8351.5,13200,20475,25955,627.5,4843,6342,3883.5,8504
-29.5,36064,1930.5,-66,99.5,964.5,40909,399,9672.5,1403,1453.5,1794.5,249.5,1002.5,61861,1715,14877,32119.5,5471.5,4723.5,2667,2829.5,2902.5,1005,1642,1420.5,2191.5,3077.5,2127,5938,746.5,13266,13432.5,6216.5,2189.5,4280,913.5,8.5,18609,3407.5,2608,3093.5,1230.5,1349.5,2763.5,2684,1037.5,1092,6197.5,3659,609,5049,430,281,907.5,289,2985,553.5,1468,6032.5,140,1019,657.5,1013,527.5,1190,477,586,1080,5656.5,406,873,361,-12.5,630,1745,1301,-13.5,-6,164.5,310,1116.5,8,1099,873,331,1161,593,857,1260.5,851.5,5271.5,834.5,5142.5,2964.5,1037,1948,5309,650,882,2800,116,879,1210,183.5,2324.5,4822,4974.5,2082,1146,2126.5,2357.5,-6.5,750,313.5,292.5,1031
-11.5,558,97.5,-0.5,4,441.5,38691,-4,40.5,1,277.5,100,23.5,205.5,61158,156,128.5,370.5,257,157,78,-9.5,65.5,43,201.5,84,176,29,-661.5,45,-16,84,131.5,780,204.5,16042.5,-17,8.5,165,321.5,131,238.5,114.5,147.5,381,379.5,32,-5.5,110,41.5,178.5,131.5,58,35.5,146,49.5,296,13,249.5,299.5,58,59,172,366.5,34.5,26,15,267.5,24.5,27.5,179,19,38.5,-14,13.5,954.5,572,-22,-10.5,117,24.5,342,-2.5,267.5,31.5,114,96,17.5,301.5,522,51,-210.5,188.5,852.5,56.5,24.5,172,457,328,229.5,181.5,59,91.5,286.5,17,51,245.5,261,212,212,554.5,233.5,-39.5,-1,5.5,23.5,62
-23.5,508.5,332.5,-3,-2.5,246.5,48312,-24.5,113.5,-1,114,209,-8.5,116.5,61173,153,99,232,6459,214.5,140.5,445,133,106,96.5,107.5,207,103.5,-884.5,217.5,-20,147.5,171,685,134,354.5,6,-4,264.5,186,86.5,129.5,110.5,69.5,289,235.5,67.5,1544,97,136.5,378,117.5,13.5,79.5,99.5,31.5,283,13,220.5,175,3687.5,112,139,212.5,64.5,220.5,44,101,230.5,430,57,132,35,-9.5,88,496,347,-22,-11,121,97.5,176.5,-6,292,97.5,46.5,79,50,183,381.5,75,240.5,143,995,139,131,269,527,252.5,130.5,95,-2,163,167.5,32,209.5,114,284,242.5,112.5,375,165,-44.5,55.5,465,-24,88
-8.5,590.5,446,870,40,344.5,43117,-19,175.5,43,274,237.5,-1,154,60158,201,147.5,406.5,6986.5,268,140,577,227,115,83.5,103.5,275,203.5,324,294.5,-19.5,105.5,172.5,811.5,181.5,254.5,24.5,19.5,350.5,275,181,189.5,149,142.5,507,284.5,201,33,116,145,124.5,261,51.5,120.5,228.5,69,328,98,180,241,26,341,225.5,343.5,158.5,406.5,90,201,760,472.5,116.5,310.5,98.5,-10,271,597.5,468.5,-18,-15.5,154,300.5,265,-0.5,404,233.5,77,144,86.5,211,522,136.5,419,63,752.5,219.5,413.5,413,474,364,249,114.5,23.5,367.5,392,180.5,306,205.5,266.5,620.5,192.5,504.5,285.5,10,131,111.5,34,170.5
-6.5,685,480.5,-5,39.5,390,42806,-1.5,222.5,27.5,247.5,310,24,216.5,60671,93,152,440.5,6670,91.5,22.5,142,201,127,52.5,40,25.5,164.5,-128.5,342.5,35.5,69,106.5,899.5,215,323,10,16,401.5,337,249,284,229.5,143,99.5,149.5,196.5,26,131,178.5,145,239.5,46,148,199,83,350,87.5,295.5,276,25.5,358,184,364,180.5,439.5,100.5,198,862,529.5,121.5,323,108,-11,266.5,639.5,494.5,-13,-6.5,148,286,199.5,-11.5,417,243.5,78.5,131,471,273.5,500,183.5,430.5,88,825.5,263,418.5,367.5,455.5,336,260.5,179.5,38.5,346.5,321.5,229,388.5,214,283,603.5,223.5,535.5,14.5,-74,103.5,96.5,15.5,198
-5,968.5,623.5,-10,23,410.5,18851.5,-11.5,295.5,126.5,906.5,488.5,66,272.5,60018,187,239,638.5,501,350.5,159,582,504.5,286.5,199.5,196,526.5,537.5,351.5,423,99,105,225.5,764.5,250,2475,27.5,52.5,636,458.5,338,464,386,318,637.5,517,356.5,171.5,130,166.5,221.5,411.5,198,-28.5,349.5,225.5,238,234,342.5,462.5,66,448,243,372.5,337.5,595,140,328.5,678.5,715.5,161,360,203,-7.5,406.5,582.5,437.5,-11,-0.5,183,502.5,339,-1.5,552.5,388,154.5,236,210.5,293.5,640.5,355,7660.5,279.5,1824,349,498,467,499,323.5,351.5,170,72.5,517,323.5,331,503,491.5,422,444.5,293.5,469.5,410.5,-11.5,298,228.5,105.5,321.5
133,35651.5,62648,1287.5,1480,2560.5,45146.5,2579,57118.5,5607,2238,19766,5693.5,8904.5,61110.5,13893.5,57477,47532.5,10245,35180.5,24111.5,50276.5,50071.5,24133,7273.5,9426,35706,39274,23948,24076,14409.5,36707,16614.5,22810.5,24840.5,4810,2727,342.5,63483,44059.5,3557.5,10524,49226,8668,55674,60590,17847.5,1926.5,55010.5,56855.5,1592,43037,8212,1583,2906.5,919,6255.5,1275,20301.5,15189,337,5292,3063.5,6925.5,1856,8251,992,2536.5,14884,64192,1397.5,5252.5,2083.5,161,3382,5399,5136,24,25,283.5,2038,8267,118.5,2622.5,3178.5,1735.5,7314,1273.5,3542.5,10523.5,1696,60839,12952.5,52303,46765,4619.5,19185.5,21195,2796,1805.5,1322,151.5,4667,3658.5,5058,8365.5,3594.5,63391,5074.5,2079,22020,60875.5,834.5,23138,10200.5,3309,5113
-31.5,22090,8059,93.5,801.5,1567,35975.5,139.5,1882,1762,1485.5,5232.5,3431.5,3484.5,61694,6475.5,2737,7783,10111,16120.5,2472.5,7019,5892.5,4517,-9,2316.5,5726,8529.5,5738.5,19061,3247,4118.5,11636,4406.5,5295.5,2759,962,352,8235,5844,2456.5,2466,3598.5,2216,8491,12076,4778,1235,63320.5,1034,1195.5,13557,539.5,484.5,1047.5,436.5,1456,848,5015.5,3327,152.5,2162.5,1989,2684,1513,14055.5,854.5,2201,7722.5,26657,908,3769.5,2737.5,-24,3153.5,1789,2785,-14,-0.5,197.5,2520.5,3815.5,179,2305.5,4248,771,4192.5,1768.5,2582.5,4584.5,1641,22910.5,7268,22292,14772,4032.5,2179,5569,1372,921.5,659,159.5,3021,2646.5,3790,5629,1822.5,5267,3460,1313,5165.5,10230,366.5,9283,4072,1332,5320
-6,16072,13928.5,12320,1551.5,3993.5,35042,-130,2495,2387.5,2310,6191.5,2902,4289.5,60891,8960.5,13481,17024,14342.5,50311,3936,11071,13256,6013,2645.5,3523.5,11920,12390,6943,6842,1989.5,5622,7949,24271,4398.5,2732.5,1920,578.5,21541,10751,3158,3987.5,4160.5,2465,23198.5,23224.5,5016,1287.5,60937,60487,1728.5,16540,6559.5,3400.5,1576,638,3617,612.5,12063,63420,329,3015.5,3312.5,5718.5,2284,8295.5,729.5,2937.5,26648.5,62032,1384,3078,1451.5,241,3642.5,4423.5,6222.5,-16.5,24.5,241.5,4893,8746,44,2915.5,3928.5,1249,4585.5,953.5,4493,8919,1293.5,17322.5,3615.5,22886,10342,4367,7074.5,12971.5,2412.5,1799.5,1298,191.5,3905,2697.5,8230.5,6293.5,3636,8892,4254,1946,14595.5,15350,562,11868,4301.5,1883.5,3872.5
-105.5,62484.5,35466.5,1365,2039,5820.5,34946,-8.5,2744.5,1476,1664.5,7902,2750.5,4387,61660.5,12977,8479,63445,33625,55973.5,12252.5,42279.5,23528,12516,5443.5,20077.5,24010.5,27385.5,12273.5,26120,30985,59755.5,63748.5,24720,8186.5,4221,2819,687.5,63637.5,63175,3736,6739,8308,7133,38278,36685,15697,2858,17306,13010.5,1559.5,35579,471.5,1918.5,1451.5,817,4566.5,571,16498,9463.5,521.5,3885,4547.5,7918,2100.5,13412,977,4282,51631,60580.5,1821.5,5763,1205,-8,4347,21288.5,10718.5,-77.5,-119.5,335.5,6889.5,10998,64,3342.5,5187.5,1465.5,5974.5,1551.5,4707,9773,1314,50426,7424.5,62384,19380,7401,6528.5,7192.5,3854.5,3879,2103,169.5,5551.5,2921,6210,10178.5,5167,11854,5892.5,2062,17125,33371,1130.5,27749,11714,4326,5746
-2.5,15979,13083.5,157,358.5,1599,29948.5,3519,14493,1647,1266,28560,707.5,2275.5,58808.5,8057.5,9933.5,10663,4790.5,27371.5,1892,8555.5,5233.5,3383,1208.5,2279.5,5713.5,9041,4692.5,64038,19865.5,43990,15653.5,8265,5812,1663,911,643.5,33527.5,8412.5,1962.5,6451,7556,2053,7203,9411,4925,1303.5,63852.5,1470.5,786.5,11444,339,382.5,1601.5,362,1210.5,914,5850,3611,299,2780,1833,2659.5,1323,4342.5,807.5,1019,7982.5,26833.5,1162,2960.5,1061,-30,2818.5,2625,3760.5,-6,8.5,194.5,2152.5,4171.5,52,2171,2384,716.5,2253.5,812,2667,2914.5,1324.5,23424.5,6484,16960,12417,3319.5,8031,3403,1255,1098,534,187.5,2722.5,2507.5,13563.5,3470,996.5,5956,4312.5,766.5,6179.5,9498.5,136,9268,3374.5,1062.5,2241.5
197,59195.5,11340.5,14445,636.5,3100.5,33720.5,-161,4790.5,1455,1728,6410.5,476,5729,60634,12183,3645.5,14494,8042.5,46529,3154.5,13664.5,9845,31141,2807,2437.5,46312.5,46788.5,5880,37299,41691,64557,7300.5,15054.5,4929,2328.5,1717,1171,37240.5,64511,2941,4904,5122,2229,16073,17822,5451.5,1066.5,55325,60815,1601,17798.5,1234.5,1859.5,1503.5,631.5,2906.5,713,7925,4796,133,2857.5,2789.5,4113,1258,3675,570,1742.5,11315,41378.5,1143,2976,1261.5,-9.5,1683,2245.5,3605,-18,-17,261.5,2046,7033.5,33,2632.5,2199,1144.5,7619.5,799.5,3445.5,20832,1465.5,20059.5,2530.5,28564.5,7977.5,3823.5,3032.5,4167.5,2043.5,1553,1913.5,211.5,3043.5,2280.5,3237,7333.5,2618.5,5200.5,3496.5,2198.5,8195,15644.5,458.5,6196,5254.5,1725,5663.5
-10,30613,20296.5,1523,1219.5,2758,32332.5,109.5,2871.5,2657,1791.5,9303,3381.5,6582,62511,9705.5,5396,64506.5,20803.5,28325,3761,14258,11859,6896.5,30053.5,6162.5,9222.5,9634,7488,14132.5,27004,55247,34877.5,21897,9628.5,4599,1566,292,22893,24615.5,4331,7047.5,9195,2105,20691,17986,8382.5,2584,24292,23947.5,1956,27861,1160,1204.5,1464.5,706,3016,1352.5,11313,11049.5,366.5,3268.5,2755,4299,1917.5,7528,1111,2329.5,16938.5,64842.5,1436,4439.5,1221.5,-15.5,3095,4759.5,4282.5,14,12.5,381,3162.5,7256,89,2752.5,3328.5,1205.5,10462.5,1183.5,3480.5,13864.5,1271,22070,5202.5,63711.5,24547.5,5369,6585.5,6474,2627.5,1546,1975.5,193,3592,2467,4562,8754,5619.5,11240,3739.5,1698,12474.5,17787.5,313,8221,4096,2018,14567.5
-42,59817,23457,-2,1028,3752,53002.5,844.5,2286.5,1046.5,2787.5,44337,788.5,8424.5,58566,13776,27321,58938.5,63223.5,27532.5,1771,3010.5,4341,5331.5,-69.5,2538,2961.5,1603,1631,64200,3401,63046.5,56111,63743.5,19234.5,4738.5,2547.5,197.5,61970.5,60551,3147,9081,7812,9891.5,3771,62798,1895.5,2773.5,19918,-31,1766,46484,512.5,1270.5,11670,1809,6372,4104,15398,8916,366.5,3765,2613.5,5584.5,1974,6908.5,1878,1467,10096,64668.5,1043,5033,1474,-27,3858,3503,5268,-49.5,-15,236,4159,9605.5,21.5,4698.5,4877.5,1021,9174,1222.5,4573,14970,1812,1504.5,3917.5,41288,26050.5,6520.5,7176,5897.5,2461.5,1813.5,1800,249,5284,3480.5,2908.5,12950.5,4151.5,11468,6949.5,3650,22065,3062.5,-238.5,1113,376,396,8255.5
146,64393,27765,10767,863,5265,52212,-74.5,6769,4988.5,3349,23116.5,1948,9689.5,58880,13047,10024,63694,36791.5,41977.5,5635,13779.5,2440,4843.5,4121,5861.5,13696,4256,14406,35254,6917,64514.5,63921.5,64426.5,11074,3262.5,1656.5,530,62555.5,62207.5,14095.5,26215.5,12911,9273.5,13913.5,21851.5,6717.5,6769,34101.5,35885,2845,27937,1862,7069.5,8074,2242.5,6257.5,1301.5,42762,46729.5,448.5,2893.5,3966,7714,2262.5,12689.5,1300,3570,10862.5,64158.5,2021,5212,3511,486,4683.5,9430.5,5562.5,-31.5,-25.5,320,2192.5,11755.5,208.5,3448,4587.5,1326.5,5066.5,2532,5170,9078,3077.5,1427.5,2944.5,61751,31054.5,5368.5,14360,30816,2677.5,2364,15164,642.5,5480,3937,6501.5,12348,35637.5,18137.5,7401,3650.5,20289,13619.5,456.5,4211.5,2455.5,1816,5804
14,62931,42385,939,472,6733,49890.5,74.5,15062.5,942,5919.5,39606.5,-195.5,6101,63118,24657,17041,62214,63479,37571,17433,26318,680.5,16944.5,48202,50365.5,12961,-122,10714,64471,-413,63627,61491.5,63989.5,13770,6064.5,3327.5,-1,62116.5,62162.5,9592.5,23371,14879.5,3063,24147,38694,197.5,218,21906,21849.5,2232,64219,1478.5,8919,13004.5,2700,5770.5,3751,64098,64061,371.5,4737.5,4057,8242,3094,9409,2596.5,2928.5,3241.5,64682,1829.5,6070,1307.5,-32.5,867.5,22812,9132.5,-8,-9,413.5,518,19973,240,2849.5,5023,1448,10023.5,1728.5,11354,16443,2657.5,-9,2430.5,63136,63288.5,976.5,41421,7165,3057,3100,2150.5,226.5,6000,4485.5,2351,13309,8513,16555,8798,3526.5,51563,37526.5,200,681.5,271,719.5,64542.5
228.5,60432.5,53363.5,32,1578,4193.5,24194,3639,63876,7059.5,2289.5,16428,3424,57633.5,51851.5,16360.5,34004.5,60799.5,58073.5,41001,9707.5,25604,26865.5,19137.5,12244,13299,16222.5,30075,16518,64129.5,64161.5,64012,61669.5,41144.5,15687,8885,4381,467,60828.5,59450,7067.5,17429.5,21862,13153.5,28726,57289,11753.5,5068,35565.5,36750,12239,61883,1423,8071.5,2456,1380,5014.5,726,42085.5,49941,360.5,5295,5286.5,9207.5,3346,10335.5,1220,2581,40750.5,64436.5,1284.5,8774.5,2121.5,-75.5,5629.5,18611,7168.5,95.5,-32,280.5,20755.5,30644,147,3978.5,6338,1322,5269,2325,6241.5,11215,2007,30648.5,8268,63048,63725.5,9580,10788,10696.5,3470,3492,5748,453,6992,4836,7219,12206,16205,27541,6872.5,5730,48421,52445.5,554,13160.5,18566,6131,41693
-5.5,62614.5,63100,-5,4539.5,6562.5,40177.5,2275.5,45724,4602,7474,63317.5,1816.5,14863,60423,28977,58069.5,62996.5,60667.5,63126.5,63870,38066,63718,26583,18121.5,18639,24959,55835,21925.5,64023.5,63495,63794.5,61221.5,63586,36503.5,58543.5,9699.5,1765,60098.5,61780,63605.5,62996,63361.5,32480.5,26719.5,64237,34551,36054.5,63558,61947.5,8158,62971.5,1988,5068,29930.5,2835,19078.5,30064.5,43646,30388.5,786.5,16348,8478,11210.5,10431,21785.5,7928.5,4793.5,64282.5,64089,3919.5,14887,4713.5,-1.5,12976.5,22078,15392.5,-12.5,-26,310.5,12882,23061.5,276.5,8523,13958.5,3656.5,23082,3914,13167,23589,5265.5,47991,12476.5,62976.5,63347,19191,31295,19591,7045,6119,8162.5,916,12871.5,13907,53253,37311,22237.5,62458,23452,28759,27213,52993.5,761.5,23734.5,13109,8724,23853.5
-1.5,44788.5,18167.5,460.5,1665.5,7694,25821.5,-108.5,14242,6476,5421,13337.5,7422,6509,60593,13949.5,9355.5,63286.5,63358,53045,6289,12727.5,15501.5,9572.5,8979.5,4772,18141,24511.5,11283,9613,3657.5,9783,64183,18593,33131.5,12002.5,3148,2211.5,51563,25696.5,7852.5,18248,15425.5,6781.5,17312.5,20409.5,10144.5,3871.5,57935.5,63432,7685.5,29441.5,2961.5,2402.5,6771,1838.5,6029.5,2649.5,29153,10939.5,1300,7981.5,7901,8605,7085.5,13871,2792,9920,22571.5,62535.5,4361.5,11379.5,5014,19,6185.5,6868,11136.5,56.5,10,347.5,10166,15134,207.5,7617,9667,5709.5,13113,5660,9733,19292.5,4370,54794.5,6973,63771.5,37763,11587.5,13139.5,10413,4358.5,5517.5,5282.5,1326.5,9708.5,7921,13659,14461.5,8410,13876,10382,4775,14830,50446.5,845,20607.5,17654,11884.5,12902
247.5,62665.5,13305,41,784,2939,28535,391.5,6000,4707,1541.5,6243,432.5,3212,60260.5,7891,4052.5,63567.5,29854.5,31571,4188,7378,7362.5,3384.5,2662,2013,50541.5,19192,3945.5,16941,10539.5,13695.5,63785,10992,11916.5,6475,1466.5,862,62867,16353.5,2604.5,4078.5,9704,3317,11610.5,14906,4947,2096.5,6615.5,6797.5,1601.5,14767,336.5,7601.5,5989.5,636.5,24268,3859.5,8632.5,7205.5,207.5,2199,3727,3773,1903.5,5224.5,3141.5,2857.5,9676,49357,1590.5,3629.5,1429.5,-27,3347.5,2830,4447,-34.5,-54,270,3423,6973.5,74.5,2370.5,3833.5,2049.5,3501.5,820,3661,4852,920.5,36341.5,3118,48259.5,16565,4519,4402,4052.5,2466.5,2573,1030.5,261.5,2586.5,2083.5,3760.5,4947,3203.5,9800.5,3346,2915,10878,44649,822.5,29648,9443.5,6489,2652
-29.5,64859,22424.5,-22.5,1218.5,7336,47188.5,199.5,15622,4449.5,6210,19041.5,1271,10294.5,61856,36016,6282.5,64303,17875.5,44671,3889.5,32483,15617.5,9310,31900.5,8576,34480,15465.5,52953.5,64925.5,60563,64582,62508,35735.5,13287,6565,4626.5,1916.5,64062.5,39013,7819,12747,13526.5,8321.5,31296.5,26205,14089,6052.5,27134.5,22338,6643.5,36015.5,3606.5,2742.5,4412,4066.5,2111,7637.5,30960,9115.5,845,7607.5,5220,7119,10689,14288,4755.5,3714.5,28227,64835.5,4691.5,11782,8631.5,-46,9004.5,8855.5,8690.5,-22.5,-23,213.5,7239.5,15275.5,191,11260.5,7965.5,5098.5,9101,5142,9548,7718,4673,24862,8386,37260,24730,10798,12468,6677,1902.5,6288.5,3103.5,858.5,8891.5,7844.5,9599.5,11311,6591,9375.5,8337,4750.5,16575.5,19018.5,204,37138.5,8180,3183,10657
-2,22940.5,16280.5,485.5,866.5,3418,29140,-63,22316,3612,2183,7388,772,5868,61042,13301.5,10719.5,33668,11258,35861,3947.5,17290.5,10745,6454.5,5356.5,2825.5,10173,13018,7031,36973,19017.5,37046,14719.5,10431,19324.5,4020,1571.5,886,51523.5,11472,7547.5,8323.5,15413.5,6714,15617,23364.5,19368.5,2534,63223,62808.5,2442.5,41147,4106.5,2577,2528.5,1308,4545.5,1527.5,20584.5,7049,435.5,6986.5,3520,5024,3383,7113.5,1172,2996.5,11336.5,64732.5,2087,6740.5,2564,-33.5,4440.5,6327.5,5840.5,3,-7,507,4011.5,16177,239,3611,3507,2229,18915.5,1922.5,4776,33702.5,1987,26953,5396.5,64245.5,58923,4886,10398,11042.5,6436.5,2317.5,2424.5,1035.5,4335.5,3438,8427,14220.5,4191.5,15708,5392,2932,11369.5,24699.5,888.5,10518,6197.5,2720,13979
58.5,64177,16633.5,104,733.5,1883.5,45150.5,399,7064,2926.5,2337.5,7976.5,517.5,3808,60881.5,7981.5,9777,62780,64212.5,44987,2831,8184.5,7071,3881.5,2382.5,1983,4603.5,6482,4100,55602.5,63951.5,64752,23051,21548,10177.5,6802.5,4410.5,365,62857.5,61150,6704,16055.5,5840.5,6114,10850,13256,4162,1384.5,19835,23639.5,1256.5,18506.5,1751.5,47767,1414.5,778.5,6545,3533,8326.5,5506,144,1884,3215.5,3048,1721,6180,858,2335.5,11517.5,40639,909.5,5120.5,1265,-4.5,3580.5,6838,3546,10.5,-0.5,226.5,2880,5522.5,104.5,2421,4755,730.5,2533,1261.5,2727,4100,1341.5,13504.5,2871,30484,13540.5,4581,9210,3906,1521,1689.5,1279.5,246,2935,2038,4645.5,4308.5,2356,16567.5,3553.5,4070.5,8640,25543,175.5,27132.5,2765.5,1413.5,4595
-70.5,63105,59314,-31,103.5,4564,56165,-31.5,9362,128.5,6198,44084,-7.5,19449.5,59775.5,22259,63028,63950.5,57508.5,25005.5,9639.5,22821,328.5,263,18153.5,9759,3389.5,-97,1320,50138.5,-507,59837.5,8935,42231.5,24553,4139,2218.5,-137.5,63662,42437,7264,18333,20138,7922,3668.5,17630,628,-109.5,59540,54022,2727.5,56050,9348,2061.5,4278,1846.5,3048,3311,33835.5,32456,308.5,5605.5,2865,5376.5,557,578,1011,3816,440,16088,1728.5,1338,1370.5,-13,94.5,16356.5,6020.5,-52,-57.5,164,-37,10024,-34.5,2653.5,528,1393,8836.5,2005,8056.5,9536,3654,-6593.5,433.5,63860.5,55599.5,296.5,18530,12832.5,3063.5,2346.5,2103,231,3552,7694.5,215.5,12402,5136.5,15888.5,12038,4642,44618.5,1208.5,-0.5,-173.5,-212,196.5,7234.5
84,62388,26669.5,-101.5,1062,6906.5,24998.5,-71.5,63989,18339,3005.5,36592,-1064,60181.5,61844.5,16840,17343,61914.5,49130.5,38363,7499,6558.5,536,24370,9760,3299,13519.5,2603.5,9680.5,64676.5,29962.5,64205,53722,28345,21416,3289,4343,-73,58567,59169,16037.5,15219,14228.5,6470.5,53585.5,17626.5,741.5,1151,19773.5,17133.5,5848,44999,850,4410,8654.5,906.5,24004,7827.5,19316.5,13700,544,2892,4579,5840,3524,5461.5,3579,4175.5,5237.5,64940.5,2522.5,4061.5,1764.5,-2.5,2606,11330.5,7536.5,84.5,-4,348.5,1328,14833,308.5,3156.5,4120.5,1493.5,3841,7577,9657.5,6703.5,6411.5,1725,2499,64030.5,64671.5,2170,60770.5,5573,2639,3131,1994.5,561.5,4568,2560.5,12113.5,7025,4735.5,7915,5361.5,3580,19169,23139,1183.5,3197.5,6354.5,5104.5,7529
97,11103,11896,-12.5,610.5,3175,46236,-44.5,5766.5,1550,1004,4330.5,949,3798,61357,6379.5,20805,10884,3951,21635,2376.5,6413,7255.5,5664.5,2829,1566,6184,6834,4544.5,4465.5,1379.5,4692.5,17802.5,7387.5,11950.5,6282,1339.5,315,12517,6422.5,3210.5,6325,5799,1933,9054.5,13064,6082,2604,52748.5,53887,1163,18508,1655.5,4125.5,1407.5,848.5,2943.5,391,11196.5,5899.5,204.5,2347.5,1969,3537,2246,3736,877,1141.5,9396,31230.5,917,3187,1209.5,-27,2206,2045,3391.5,5.5,-14.5,233.5,2218,11998,68,2067.5,2157,1023,3272,1631,2753,6538.5,946.5,3404,3474,24887,15445,3790.5,6198,3141,1862,1982.5,1163,233.5,2650,1641,3741,6507.5,2114,7973,3447.5,1569.5,11183,10784,303,13977,4616,773.5,2800
871.5,60615,12872,308.5,945.5,1585.5,37294.5,105,64353,998.5,1306.5,9722,321,15455,61591,8542,40662.5,61803.5,18138.5,18895,13515,5172,22460.5,4782.5,3795,3383,8868.5,9987.5,4381.5,64227,63350,64714,64165.5,15192,17775,1688.5,1796.5,281,63170.5,60757.5,2759.5,10124,4164.5,14416.5,11773.5,35576.5,7125.5,64536.5,42849.5,34908,979.5,22806.5,431,4114.5,8518.5,424,11063,5165.5,59571.5,63798,111.5,2620.5,2570.5,3611.5,2408.5,5037.5,1147,1420,13851,53880.5,586.5,2440,839,-15.5,2338.5,6983.5,3519.5,-11.5,-35.5,183,13072.5,7573,73.5,1708.5,3107.5,3305,3424,790,2821,4011,1224,15653,1921,41689.5,18123,22354,53808.5,64841,1283.5,4526,50775,222,3319.5,3032,3332.5,29124.5,64170,34840,2841.5,2602.5,12053,42753.5,186.5,11651,3798.5,6875.5,2768.5
-87,61952.5,43916.5,-414.5,3351,5744,30500,27120.5,63914.5,10393,5038,29467,2758.5,5956.5,59240.5,24397.5,28812.5,60523,62726.5,63063.5,9243,21764.5,23553,17908,11520.5,8515.5,22916,29639,15241,63951.5,56765.5,64000,56806,62131,18115.5,23407,9063,1292,60954.5,60212,39016,63177,32946.5,63363,35200,32902,41325.5,9845,64137.5,62722,3834.5,63112,3620.5,1360,13290,11943.5,5155,20930,46373.5,38169.5,869.5,7970.5,7132.5,10362,6550.5,14413,3166,5930.5,40097.5,64362.5,3731.5,13042,3669.5,12.5,7723.5,14595,10226,129,48.5,435.5,57063,22602,322.5,5822.5,9276.5,3077,10834.5,3501.5,7661.5,11020.5,3415,39446.5,10196,62989,40329,12925.5,19773.5,21228,4555,5463,10389,406.5,8094,6050.5,21516,31780.5,43606,52418,8706,18383.5,63263,40531.5,1602,46138.5,14641,5589.5,10437
335.5,61375.5,24215.5,1586.5,1005,3071,40435,402,63982.5,41666.5,6700.5,14752.5,1405.5,7250,61035.5,11022.5,61548.5,63306.5,26342.5,35690.5,47175.5,58837.5,58650.5,7856.5,12167,27550,6388,18807,11978.5,64303,63577,63619,52553,63430.5,14492,2993,2324,657,60682.5,60701.5,5205.5,8743,6455,5746.5,28252,40626.5,7570.5,15537,44646,12586.5,2113.5,54190,1003,-563.5,7992.5,908,16723.5,4993.5,34420,63768,313,4760,4667,3784.5,7000,8582,2308.5,1406,20052.5,64793.5,1700.5,6497.5,1987,22.5,3876,32301,6063.5,265.5,174.5,205,60449.5,11920.5,142.5,3402.5,4686,1665.5,4467.5,1383.5,4572,2901,2081.5,16899,1704.5,54626,21955,7689.5,60567,61498.5,1177.5,3098.5,40009,547.5,5481.5,4987,6385,16033,64766.5,64026.5,6888,8709.5,17911,15994,2218,11507.5,6980.5,1345,6887.5
-7,45830.5,13340.5,-253.5,755,2010.5,33004.5,2914,6907.5,2036,2444,8116,3612,2597,60469,10641,11179.5,63601.5,13107.5,38586.5,4679.5,18226,9540.5,5845,4512,2550.5,8447.5,14554,6223,49196.5,23143.5,58967,43928,31580,10200.5,21356.5,1865,708,64169.5,44600.5,4962,6725,6728.5,2322,13427,13238.5,8861,1970.5,64049.5,63343.5,1406.5,25940.5,2353,-46,1945.5,764.5,1459.5,830.5,21819.5,4385,372.5,2892,2980,3297,2995.5,9826.5,1029,1892.5,10902.5,35806.5,1477.5,3896,2204.5,-11.5,2885.5,4357.5,4368,-8.5,-19.5,301,5873.5,8838,203.5,2720,4021.5,1213,3529.5,1417.5,3106.5,3698.5,1565.5,3627,5969,37573.5,14302,4541.5,12461,5370.5,1438,1308,1126.5,205,3199,2839.5,4507.5,4380,2606.5,15863,3308.5,1359.5,8175,13740,705.5,6847.5,7339.5,2390,16506.5
308.5,63660,64059,-141,2873.5,7489.5,31552.5,-61.5,22534,1329,1930,38733.5,495.5,39361,61926,27843,24186,62845.5,63796.5,63857.5,23045.5,31573.5,49234,26166.5,13064.5,10297.5,18472,40480.5,14094.5,64310.5,63177,63593,59113,50861,29762,5746,12115,455,62466.5,61449,13416.5,63181.5,19881,5293,55931,62492.5,64444,63791.5,64506.5,64404.5,21057.5,63804.5,1656.5,15677.5,8289,923.5,8037,2115,62909,38842.5,694,7182.5,7019.5,11244,9362.5,14044.5,1053,3093,61887,64679.5,1852.5,7234,2013.5,-39,5972,25584,10838,25.5,-30,397,39674.5,30401,320,7342.5,7550,3466.5,11442,3209,9951,28304,2549,42081.5,3568,62762,59198,11711,23488.5,19829,4488,5332.5,6759,424,7294,4474,22925,19552,21547,54035.5,7152,9599.5,49885.5,64627.5,427.5,64026.5,23037.5,2994.5,12526.5
-7,62080,13196.5,-462,86.5,3145,39395,3543.5,39108.5,49.5,6934.5,7564,-106,2971,59645,7570.5,3613.5,61977.5,38241,8354.5,1278,1791.5,78.5,-81.5,2573,460.5,1230,-122,159.5,64568,-581,58388,26823,62379,4898.5,19120.5,1162,-124,59837,59097.5,2841,5620.5,14671,1984.5,5680.5,22512,-185.5,-223,27464.5,27571,1165,23757.5,1461,-1726,7998.5,594.5,4589.5,1614,14471.5,7005.5,178,1177.5,1675.5,2091.5,174.5,388.5,357,3683.5,56.5,4915,791.5,201.5,207,-21,38.5,5248.5,2671.5,-13.5,-28.5,176.5,3,4610.5,140.5,1239,359.5,913,1602,1081.5,2317.5,3241,2696,-1483.5,3038.5,33954,9966.5,75.5,8282.5,2239,810.5,1107,819.5,133,1521.5,1273,42.5,3236.5,2283.5,5534,1931,2724,21851.5,291,-83.5,-195,-22.5,238.5,1811.5
236,58737,20236.5,-87,582,3821.5,37132,-389.5,60717.5,1999,2650,9309,7809,6297,59484.5,8002.5,6375.5,61694,63811,6140,382.5,1375.5,3616,3120.5,4665.5,1285.5,594,1688,1832.5,36346.5,20471,5955.5,13922.5,63437.5,8074,3197.5,566.5,238,62093,40106,52973,32791.5,24828,5664,2316.5,7124,5971.5,1649,58319,52904.5,2234.5,48519.5,6830.5,5299,11769,848,3917,5221,6751,6529.5,501.5,2541.5,2510.5,4574,2165,5314,1485,2059.5,6926,64572.5,1405,3902.5,2053.5,25,2939.5,6343.5,3991,22,-0.5,331,3429.5,5154.5,165,2699.5,3002,11860,4586,2379.5,4252.5,6778,1801.5,1425.5,958,48804,22233.5,4072,7145.5,16038,1898.5,2459,2324,119.5,3161,3159.5,2935,7510,4743,11026.5,4907,3352.5,11489.5,2145.5,141,1987.5,12017,107,4744.5
46.5,23439.5,8587.5,268,886.5,3259,41405,-73.5,11385.5,2207,1774,4330.5,1930.5,3027,61087.5,7778.5,20110,16331,5592,39406,7724.5,18219,12892,3749,6634,3581.5,11273.5,17130.5,10774,4603.5,2776.5,10132,6310.5,7571.5,6379,4654.5,1490.5,1030.5,63735,16817.5,2886,4791.5,4721.5,1932.5,12315,18342.5,7840.5,352,25311,25216.5,1860,17751,2223.5,90,1373.5,835,2501.5,530.5,9178,8308,550.5,2433,2930,2592,2561.5,4963.5,686.5,3072,11208,39365.5,1829.5,3712.5,1595,-27,3114.5,2296.5,4864.5,57,-30,252.5,2865.5,5713,50.5,3190,3281,2012.5,4590,1469,3515,5009.5,1299,30829,1034.5,21628,14623.5,4193.5,15148.5,4740,1547.5,2002,1112,626,3743,2737.5,4312,5906,2007.5,7585.5,3819,1862,8089.5,18832,552,20504.5,7807,2419,3310
-75.5,34076.5,22818.5,-26,1801.5,6162,33138,-60.5,5672.5,2430,4634.5,18481.5,2769.5,6114,58758.5,15115,9756,61827,63922,51255.5,7505.5,42788.5,20330.5,17936.5,19319.5,7699.5,31854.5,26897,13750.5,59082,51567,64618,64496,63671,21643.5,4277,2586.5,2024.5,62308.5,62159,9143,8026.5,9890.5,3990,24706,64549,14587.5,3713.5,37498,36468,3589,36043.5,1974.5,1682,2578,1465,4779.5,2086.5,14774.5,9437.5,881,4654.5,5406,6181,5910.5,11131.5,1836,4828,28052,64734.5,2375.5,6906,3847.5,-30.5,6391,6063,7713,-9.5,-33.5,233,5871.5,15979,219.5,6203.5,6966.5,2822.5,7782.5,3692.5,6393.5,8032,2668,35580.5,4962.5,63001.5,24082.5,9559,43973,7425,2479,3046,1976,598,6798.5,4635.5,9209,10890.5,5217.5,9184,6643.5,3237.5,13601,41752,757,23881.5,17183.5,5401.5,7593.5
-43,15436,9383,2093,709.5,2275.5,31522.5,-505.5,5782.5,1990.5,2112,4110,572.5,1709.5,61788.5,4497.5,3388,63558.5,6224,19695.5,4736.5,12432.5,6994,3841.5,3049.5,4055.5,5594.5,7467.5,4349.5,6136,5390.5,10439,3307.5,47752,3407,2297.5,755,348.5,38984.5,6639,2209.5,24474.5,3813.5,1973.5,8138,7824,5670.5,1008,62756.5,61791,1424.5,10187,2366.5,4.5,2361.5,701.5,1365.5,762.5,4201,23297.5,304,2327.5,1924.5,2308.5,1759.5,4493.5,1140.5,1554.5,9194.5,29760,1360,3252,1650.5,-6.5,2729,1407.5,3190.5,12,-1,168.5,2700.5,7544.5,65.5,2222,2893.5,643,3875,1008.5,2874,3845,1313,11513,2455,17742.5,9848.5,3529.5,3704,6685,1584.5,2055,1077.5,209.5,3183.5,2400.5,3202,5137,1788,3601.5,3674,1202.5,6330,20806.5,267.5,3925.5,3919.5,1561,2904
-121,47453.5,28485,-19.5,3462.5,6233,30676.5,-66.5,7305,2635.5,4961,12027.5,8459,6833.5,60998.5,19538,9857.5,62672.5,28609.5,50520.5,4271,17249.5,12647,4707.5,6075,4005.5,13160,23332,8561,64040,33664,63435,58333,30129.5,14486,3116.5,9621.5,626,63515,27522.5,5531.5,63229,11924.5,6262.5,41781.5,63559,8800,1782,63447,58603.5,3121.5,56232,3149,646.5,2980.5,1282.5,5162.5,1448,38138.5,44887.5,1866,4437.5,8919.5,8251,5178,14405.5,1819.5,8527.5,64171,64127.5,4300,7720.5,3595.5,26.5,6652.5,10933,11649.5,93.5,-59.5,546,6548.5,17192.5,286,4436,8967,4485,5473,3582,9866,11926.5,2569.5,22879,508.5,63469,64041.5,8880.5,48731.5,9277.5,4423,3812.5,2289.5,616,8376.5,4362.5,12037.5,10697,5798,11108.5,6738,4714.5,36863,32118.5,435.5,8709,4476.5,2663,9438
-3.5,60866.5,30231.5,-326,1035,3426.5,36749,-654,60632,3581.5,7563.5,10296.5,769,6829,58527,12155.5,51561,58713.5,17364,26215,2050,9732,11791,7341,5160,14800,13883.5,8607.5,5520,58545,62380,64790.5,64621.5,61642,9095,2565.5,1972.5,754,61733.5,57852.5,3104.5,8653.5,6258,4763,11808.5,15845.5,9839.5,3876.5,60198.5,60104,1875.5,29581,2187,1595,12686,771,38588.5,3768.5,38036,6806.5,310.5,2469.5,1893.5,2755.5,4515.5,5104.5,6836,4131,9964,59053.5,1818.5,3305,1950,173,3315,4554.5,4514.5,54,-20.5,174,2286.5,8570.5,82.5,2980.5,3631.5,1361,3774.5,1420.5,2779,5058,2378.5,9992,3770,27258,26897.5,4802.5,5947.5,9406.5,1495,1456.5,898.5,140,2782,2699.5,4125.5,5592,2424,6850,3545,1239,20010,13302.5,251.5,38938.5,3658,1916.5,4484.5
57.5,63844.5,16670.5,-63.5,737.5,6100,34698,-7,13285,2175.5,4443,13490.5,896,9349,60150,9597.5,8186.5,61393.5,36779.5,43911.5,3247,8949.5,7261.5,2236.5,5945,2665,9283.5,8827.5,6385.5,10372,1778.5,7635,64783,50519.5,11248,4830.5,2311,2122.5,62317,11971,5980.5,10894.5,9573.5,6408.5,10756,13810.5,7031.5,639,38703.5,38933,5149.5,23789.5,3933,-104,11915,2625.5,4602,2916.5,17664.5,9414,2571.5,5090,9022,7973.5,7862,8577.5,2681,8077,14972,38354.5,6074,7709.5,5863,-30.5,5767,7657,10203.5,-2,-5,617.5,6472.5,13447.5,83.5,6530,9016.5,4860.5,5572,3821.5,8651.5,11393,3655.5,14440.5,694,34005,29119.5,10753,10918.5,7622.5,3701.5,7224.5,4902,972.5,7070.5,4921,8760,8827,8801,21198,6107.5,5139.5,17619,14779.5,639.5,11033,18330.5,2694.5,6497.5
-32,61887,25104,-86,439,4281,35503,440.5,63661,892.5,10646,33310.5,1004.5,7643,59951,5662,15772,58358,63604,4754,2825,-138.5,69,3621,2825,338.5,-6.5,-16.5,-4,64380.5,637,32131,57355,62909,12517.5,6389.5,1402.5,140,59601,42968,18450,16447,10134.5,3850,942,3852,115.5,19590.5,59417,61603,3909.5,58392,6389.5,1842,20274,2328.5,4571,5148,19809,22517.5,1273,3912.5,3179,5803,2495.5,1498.5,1548,8715,235.5,48899.5,2360.5,1922,2932.5,-29,236,10209.5,5297,-12.5,-16,262,191,17617,84.5,4493,3203.5,1489,7115.5,5225.5,6455,13562,5791.5,2790,600,45092,23485,991.5,20012.5,7612,4490,2990.5,2644,1428.5,3483,4323,550.5,11383,7974.5,9966.5,5887.5,2551,24932,472.5,246.5,683.5,50,-107.5,9712
-17,6653.5,7790,114.5,216,1201.5,49693.5,-119.5,1119,274.5,1175.5,2853.5,-192.5,1096.5,59322,1983,2691.5,3312,3418,1729.5,316,420.5,230,998.5,3655.5,169,-29,-3.5,-21,1773.5,-248.5,256.5,309.5,7594,4812.5,5764,104.5,-12.5,10459,2341.5,1556.5,2173,2767.5,1249.5,314.5,1257,70.5,92,64506.5,64126,832,15022.5,762,-9.5,837,465.5,676,392,2833.5,1799.5,107,1399.5,658.5,1621.5,779.5,2940.5,355.5,1164,138,9828,526,1238.5,1206.5,-43.5,99,1791.5,2290,-10.5,-16.5,177.5,40.5,1232,41,1313,737,300,1812.5,955,1725.5,1965,1180,-404,739.5,45591,7548,468,8591.5,2469.5,992,1089,575.5,59.5,1639.5,1443.5,117,3175.5,1544.5,2624.5,2327.5,911.5,5890,89.5,-74,-4.5,263.5,-70.5,1890
-10.5,4864,7892.5,134,200.5,1599.5,30664,-128,690,416,1679,4043,61.5,989,60309.5,2455.5,3535.5,6564.5,5988.5,5572.5,430,-62,648,2117,1708.5,184.5,-31,224.5,-136,1687,117.5,331,258.5,6452.5,7720,4922,140,53.5,7705,3189,1253.5,2099.5,3879,865,-59.5,2454.5,328,60.5,45339,42053,722,19872,896.5,61,774.5,278,491,88.5,2803.5,2345,83,1015,780.5,1686.5,1057,2480.5,244,810,1494,31282.5,437,1118.5,630.5,-16.5,738.5,2880.5,1720,-15.5,-3.5,157.5,89,631,30,1178,992.5,440.5,1852,540,1525,2988,403.5,2181.5,472.5,27092,20921,664,2794,809.5,692,672,542,54.5,1298.5,1091.5,283,3650,952.5,3515,2161.5,612,4088.5,418.5,-173,76,383,-37,1270
-8.5,27647,17276,-5.5,1405,1752.5,46463,14,3066.5,2000,7087.5,11113.5,834.5,3119,60712,14302.5,11623.5,42362.5,7457.5,33403,2762.5,1007,4117.5,3064,3705.5,1680,4691,9405.5,1148,19213,3665,7995.5,25380.5,22784,33144.5,3459,3849.5,1014.5,64194.5,14622.5,1905.5,5667,11551,1539.5,8104,8181.5,3869,826.5,4599,3480.5,969.5,22396.5,391,1169.5,1365.5,552,2428,605.5,11885.5,4736.5,98,1718,1767,2506.5,2190,3793.5,429.5,3652,4493.5,64849,676.5,2049,914.5,-22,1449.5,5693.5,2436.5,-8,-20.5,136,1748.5,5735,162.5,2020.5,2843,542.5,2714,1149.5,2167.5,2886,1676,5166,2135,28029.5,13329,2442,6288,3476.5,926,954,643.5,149,2609,2172.5,794.5,3973.5,1940.5,4974.5,2645,823.5,14534,8227,248.5,2848,3468,1455.5,3052.5
158,64332,18233.5,901.5,639,1844.5,48142,1036.5,9592,1130,2202,8968.5,735,2501.5,61375.5,8304,9341,60578.5,7510,3232.5,1113.5,434.5,6106,4066.5,2139.5,1304.5,3072.5,4687,254.5,64552,64384,62308.5,63198,35100,6080,6376,1677.5,468.5,62628,12938.5,4504.5,6917,4951,1947.5,1186,7208.5,4348.5,1192,63983,63029.5,1492.5,20252.5,1160,-350,3829.5,1590.5,1739,1140,6570.5,11452.5,275,2257.5,1190,2854,4702,4745,809,1095.5,7683,31219.5,1119,3481.5,1324,-15.5,2381.5,6064.5,2400,-36.5,-34,147.5,2427,6004.5,45.5,3193,3468.5,546,3278,1053.5,3685.5,3276,1085,4220,4714,63302,15453,4087,6488.5,6067.5,932,1636.5,3243,185,2858,2451,3603,6707,10002,3983.5,3363.5,1122,7362,3523,-198.5,11458.5,2811.5,185.5,2887
-45.5,61219.5,42295.5,103.5,1860.5,3484,37477.5,175,30570,2472.5,6694,22414,5542.5,5377,60918,14496,30886.5,64131.5,64196.5,36467,7244.5,35239,24340.5,50198,10088.5,12178,57305.5,63648,17711.5,64207.5,63164,63947,52840,22376,15169,4015,3797.5,727,62695,63382.5,8965,18281.5,20017,3544.5,50071.5,36007.5,12128,8681,43351,41181,1676.5,64154,1406,1445,18839,1164,3977.5,1826,37849,17870.5,341.5,4431.5,4845,6405.5,3753.5,13353.5,2065,2623.5,47849,64766,1605.5,6756.5,2207,-6.5,6982.5,11251.5,7042,26.5,11.5,231.5,7503.5,11738,102,4061.5,7311.5,1428,6283.5,2152.5,4413.5,10325.5,2644,30049.5,7336,63047.5,64412,8562,33595,6905,1809,2411,2177,330,7210.5,4296,10812.5,11372.5,7105,9891,8027.5,8615,18759,31435.5,355.5,24418.5,9570,2405,7263
-20,63257,63509.5,-79.5,1650,3850,30043,-9.5,25048,1857,4060.5,15760,569,12526,59819,23408.5,21955,60236,63921,33620.5,9815,14747,20248.5,6289,9890.5,4644.5,11103.5,20318,12412,64345.5,62594.5,64358.5,63886.5,40352.5,10588,3234.5,7230.5,1795,23048,44816,9465.5,12032.5,11479.5,2281.5,17659.5,19530,16199,12105.5,10769.5,10621,2252.5,54418.5,830,4107.5,2048.5,1220.5,5817.5,1639,22795.5,12513,415,5074,4794,4666.5,3048,7528.5,1846,3003,23809,64638,1345.5,4391,1828,10,4452,10540,5272,44,-11.5,269,4881,9777.5,83,2952,4638,1718,6675.5,1659.5,4678.5,6977,2099,24605,3910,44477.5,36980,11444.5,63540.5,7125.5,2698,2132,2307,495,5899.5,3883,6946,7874,4454,16828.5,5444,2187.5,12331,28218.5,485,12292,6938,4481.5,4878.5
121,11196,15515,113.5,868.5,4457.5,32509,-83.5,2789.5,1912.5,2712.5,4744.5,673.5,6209,60482,7346,11434,10544.5,13731.5,20906.5,5248,8293.5,5572.5,5072.5,2593,1773.5,6595,7040.5,3466.5,4322.5,2368.5,4525.5,5731,5958.5,5975.5,6847.5,734.5,621,15067.5,8417,3245.5,5729.5,62159,2896.5,7496.5,8477.5,7782.5,1668,48791.5,47385.5,4481.5,24589.5,2179.5,160,2268,1474,2888.5,888,15620,5506.5,451.5,3190,3955,5015,2751.5,6437,1350.5,2675,8378,64058.5,2270.5,3364.5,2205.5,-8.5,3781.5,8523,5460.5,-63,-98,233.5,4548.5,6018,85,3695.5,4659.5,1660.5,4093.5,1634.5,3823,7316,3241.5,10580.5,2476.5,33887,10650,4769,8470.5,6341.5,3557,4170,1479,350.5,4257,2580,5172,6271.5,3465.5,6563,5445.5,1598.5,9404.5,8506,530,18555.5,8720.5,1118,2743
-15,63538,18658,-6,707.5,3349.5,43506.5,124,6503,2674,6124.5,10509.5,2052,5096.5,60062,12043,6900,63000.5,64124.5,54396.5,4047,14209,10905.5,7505.5,5025,3932,18906,12871,7974,13080,11443.5,28385.5,64722,47482,12528.5,2721.5,3488.5,823.5,63148.5,21717.5,2443.5,8247.5,8316.5,2837.5,29104,28696,25757.5,2316,44904,44195,1680.5,27658,2876.5,627,4260.5,981,38602,5786.5,17439,47849,376,3447,3175,3694,2487.5,6336,5289,2196,16189.5,59462.5,1536.5,4456,1477.5,-4,3949.5,3090,5265.5,-10,-19.5,278,3560,9512,63,3274.5,3115,1423.5,6541,1268.5,3870.5,6254,1682.5,15595.5,5772,36499,15301.5,5462.5,4766.5,24035,2447,3065.5,14928,489,4013.5,3230.5,11079,22785,49329.5,10154,4447.5,22565,14496.5,27367.5,532.5,15199.5,7404.5,3499,4548
-4.5,63257,63558.5,164,1761.5,4188,47922.5,-59.5,3937.5,2487,3819,13713,10472.5,4061.5,58187.5,9674.5,15049,61000.5,20186.5,25328.5,8440,23094.5,17120,10350.5,64699,8776,16820,64662.5,64395.5,64046,63383.5,64314.5,64045.5,20789.5,21221.5,2419.5,2039.5,582,61248.5,48807,9503,63945,18491.5,7612,17924,24117,10280.5,17389,64081,63554,2360.5,63774,3248,10287,4907.5,905.5,3463.5,2498,20170.5,9423.5,527.5,3984.5,4381.5,5643.5,5330.5,7747.5,1285.5,2304,25728.5,64713,1762,4518.5,2378.5,29.5,3919.5,19354,5269.5,49,-4.5,261,6408,13577,82,2915.5,3668.5,4199.5,5352.5,1679,4716,7149,1761,16590,4176,63515.5,64051,7303,19006,6621.5,2158,2267,1965.5,487,4922.5,3742,6115,8295,4093.5,7181.5,6277.5,1800.5,12635.5,22238.5,331.5,18814,8232,1435.5,5709.5
295.5,63572.5,27399,1081.5,2945.5,3917,44789.5,-6,12811.5,1705,10481,16583.5,2146,9340,59535.5,12147.5,11158,59797,63528.5,34754.5,5994,28674,21106,17529.5,18282,10381,14969.5,22010.5,13095,49380.5,12843,23436.5,64583,16538,15977.5,7809.5,2037.5,707.5,24628,40715,8959,9634,9662.5,3796,38389,24922.5,14390.5,4822,42920.5,44947.5,3843,46049,1786,-134.5,5692,1676.5,3592.5,1615.5,14751.5,10913.5,857,5817,8997,7346,6643,13328,1528,5470.5,22548.5,64745.5,2783.5,8471.5,2697,19,5650,6962,6895,129,98,369.5,5432,37413.5,137,4790,8588.5,1456.5,8374.5,3301,5892,7124.5,3586,10655.5,11890,30706.5,30194,10524,16954,7529,1678,2925.5,2039,400,6503.5,5105.5,9315.5,12336.5,4503.5,15203.5,7170,2097,19401,23177,234,15079.5,9097,2573.5,8583
-41,17824.5,14713,-24,276.5,4423.5,42615.5,-5,4199.5,174.5,3442.5,9431.5,336.5,4189.5,59843,7568.5,4368.5,10361,14499,36695,2011,2708.5,267.5,1078.5,3796,2273,3347,-37,2297,38537.5,90.5,16956,39917.5,10170.5,10388.5,4387.5,1195.5,83.5,35007.5,11202,3639,6260.5,11673.5,3723,5412,9411.5,148,80.5,56518,52160.5,3383,36537,2885,387,3789.5,1668,2425.5,1973.5,6774.5,6800.5,1464,3923,3440.5,5717,1842.5,3377,744,3219,340,36588.5,3149.5,2354,1584,-8.5,574,4562.5,6910.5,-14.5,-23,311.5,165,6441,15,2727,1968.5,2512,5754,2168.5,4929.5,6976.5,2546,9042.5,1335.5,33614,11752,700.5,7200.5,5796.5,2074.5,4459.5,2236,727.5,4641.5,4627.5,180,6936,4391,7853,5173.5,2651.5,8598,4406,246.5,88.5,116.5,495.5,4817.5
-8.5,63287,12315,-2,23.5,3044,49432.5,-27,2718.5,65,1833,9948.5,569.5,4758.5,60489.5,10138,3425,58952,21590,22642.5,11943,24355.5,57,224.5,5289.5,8450,6501.5,-124,10364.5,26759,-64,64913.5,30621,20013.5,7706,1056,1884.5,-2,63592.5,45618.5,21359,19190.5,5165.5,1698,9820,12341,-3.5,209.5,58237,58308.5,1508,50194.5,4047,2667.5,3427,780.5,2649,4544.5,9155,7319.5,391,1636.5,2317,3685,142,339.5,313.5,2017.5,90.5,4062.5,1405,254,421.5,-4,55,7046.5,3681,6,-1,244,41,6250,62.5,1717,266,879,2005.5,696,3144.5,4491.5,1228,-995,322.5,62962,16408,36.5,6597,4436,2032,2372,948,578.5,1981.5,1980.5,20,3509,2840.5,3747.5,2828.5,2345.5,7941.5,12778.5,260,70,-5,1222.5,1615.5
115.5,41348.5,19749,-37,748.5,13608.5,52647,-18,14228.5,3002,11525,19113,434.5,18151,58901,9436,15814,24205.5,18414.5,21855,3086,4896.5,1788.5,2888.5,4837,1830,4174.5,1735.5,4311.5,18282,115,8257.5,4010.5,17460,15630.5,14828,1209.5,300,27788,33409,11974,14555.5,14472.5,12693.5,6331,8750,2797,1468,64321.5,63824.5,11163,20914.5,6265.5,84,9279,7126.5,6354.5,6716.5,16854.5,18447,2987,10087.5,12120,15558,12325.5,23441.5,6152.5,14186.5,11369.5,34026,10855,13574.5,12477.5,-8.5,8778,14093.5,15801.5,-20,-35,376,5950,16326.5,443,12731,14036.5,9024.5,9080.5,10790,14674.5,15126,11167,1404.5,1999,43918,26096,10703,15722.5,14308,4723.5,11432.5,9475,1963,13902,11653,12879.5,14549,17237,16718.5,13360.5,9299,16990.5,8699,314.5,1835.5,1130,887.5,14872
105.5,56049.5,31525,11.5,1373,4166.5,51848.5,-103.5,10781.5,1933,2016,14588.5,1310.5,35985,60139,32276.5,9612,62361.5,62862.5,40020,4480,11126,9207.5,7504,15725.5,3160.5,8363,35346,15609.5,63698.5,61488,63225.5,55826.5,14222.5,11638.5,4770.5,3197.5,687,62933,21545,7165,11301,12541,4002,11125.5,20599,6519,2596.5,60772,297,2356,63686,803.5,4836,3423.5,1233.5,21651,660.5,22453,7989.5,225,5317,4489,6123,3070.5,8382.5,3587,3907.5,22413,63919,1441,4981,2306,-17.5,4290,9479.5,5778,-16,-30.5,259,4586,16833.5,106.5,4179.5,4719.5,1453.5,7976,1939.5,4795,9698,1173.5,5575.5,8216,54978,42912,7800.5,19477.5,8464.5,2932.5,2760,1642.5,470,4675,3444.5,4535,7757.5,4688.5,15321.5,4811.5,2617,13793,46461.5,474,7949.5,5926.5,2646.5,15223.5
-57.5,51674.5,32683,41,1791,3606.5,43118,621.5,5756.5,3545.5,3247,23748,3486,8752.5,59749.5,18095.5,24317,63600.5,24460,46988,12190.5,19993,23573,9176.5,6548.5,4764.5,12939,15161.5,7820.5,33720,12795,24752.5,64257,45588,23154.5,4681,3359.5,1105.5,60802.5,37069.5,8826.5,9496.5,17015,5262,21301.5,36916,34329.5,49260,64012,63719.5,1986.5,61722.5,3203,7990,2895,982,3613,1271,17418.5,11605.5,355,6663,5255,5321,11741.5,9094.5,1145,2174,27037.5,64769,1753.5,6219,1505,15.5,3980,14859,5161,-7,-46,231.5,25604.5,11728,66.5,4044,6608.5,1519,8008.5,1775.5,5058.5,7501.5,2255,36667.5,7238.5,62202.5,42367.5,7590,64279.5,8100.5,2640,1897,1335,213.5,6521.5,4451,6717.5,11885,4849.5,16091,5627.5,4084,14175.5,24616.5,448,13195,7207,2217.5,10313
-34,18752,12925.5,-173.5,121,1996.5,27914.5,7534,6240,554.5,1308.5,6756,-7,4529.5,60879.5,7029,24548,25373,9928.5,20897,18975.5,63762.5,18125,3373,54473,55305,9007.5,8921.5,59669,64523,2036,64207.5,5039.5,11862,4942.5,19827.5,845,160.5,64105,63886,2840.5,3282,9521.5,2506,8166.5,7213,631,-17,33217,23155,1222,15406,417.5,1010.5,1554,342,2514,485.5,5137,3421,177.5,2120.5,1856,2594.5,1132.5,3163.5,351,1343.5,5644.5,23431,1027.5,3572.5,1368,-19.5,803.5,9659,2466.5,-14.5,-22,194.5,1795.5,9486.5,-5.5,1397.5,1592,719.5,3040.5,719,2442,3183.5,860.5,10839.5,2486.5,14898.5,8970,2368.5,4229,2961.5,1268,1517.5,816,198.5,2417,1677,409.5,3273,2324,16287,2593.5,1463,6944,11350.5,434.5,359.5,1590.5,2110,3089.5
-353.5,63165.5,42530.5,-136,2684,9625.5,13255,-44,33190.5,1480,4177.5,45282,2511,5097,59733,19089.5,23627,57443,33477,55364.5,41258.5,60567,34117.5,18159,14948,27762.5,28131,30911,20500.5,63940,63273.5,62215.5,61718,39618.5,25195.5,4712,5127,526,61533,58173,45534,35718,22576.5,6012.5,37093,47052,20931,30501,33609,689,2455,63514.5,723,16539.5,3277.5,922.5,6152.5,2366,32002.5,34078.5,453,5461.5,9671.5,8612.5,5292,11706.5,2931,7706,32443,63429,4237.5,11805.5,2888.5,-24,9052.5,15521,12717.5,-123.5,-177.5,157,11713.5,20680.5,-7,4971.5,8229.5,2353.5,7292,3494.5,8920,17098.5,2144,43569,11803.5,61625,49401.5,10736.5,30774.5,17731,7934,5097,8581.5,458.5,8214,4452.5,14434,17806.5,23054,15882,7931.5,3905.5,19648.5,43763,633.5,23708.5,11942,17692,8966.5
-53,19908,30967,-17.5,1180,1755,45300.5,224.5,4835,1788.5,2852.5,17028,717,7181,59958,46483,8761.5,62948.5,20371.5,64640,13056.5,9419.5,19743,5782.5,3600.5,3207.5,9304.5,8604,3441,64599,26915.5,46928.5,63606,23536.5,12891,3013,3869,1160.5,63539.5,61407.5,5983,12928,14124,3767.5,15609,15775,8282.5,21086.5,21023,17512.5,876,30977.5,1034.5,-109.5,1286.5,798.5,2294.5,1936,9625,3889.5,145,3052.5,2480.5,3168.5,2375,6052.5,625.5,1517.5,10651,56974,1003.5,5138.5,1256.5,-23,3935.5,8276,3633.5,-28,-21.5,172.5,2763,8520.5,30.5,2341,3940,1594,3347.5,1585,3249.5,3362,1653.5,23379.5,4778.5,33174.5,24351,5031,4737.5,3381,1074,1448.5,766,139.5,3248,3385,4275.5,5217,2422,4800.5,4007.5,1606.5,8958,31815.5,217.5,12777.5,4111,1009.5,3331
-0.5,62553.5,17523,-157.5,36,1997,29786.5,3298.5,7176.5,185,3139,8221.5,851.5,5672,59712,10997.5,34351.5,60766,29637.5,35301.5,12120.5,25707.5,1920,4162,3939.5,3851,7361.5,3262,6541.5,38518,3153.5,38056.5,5459.5,29381.5,11102.5,19079,1495.5,-14.5,59686,52729,1638,5960.5,9359.5,3287,11083,25354.5,195.5,41.5,13684,3177.5,1292,22915.5,237,1011,4830.5,552,17128.5,1636,8664.5,5649,164.5,3161.5,2381.5,3169,3088,1787,1147.5,1670.5,1518,12609,1192.5,2204.5,1403,-1.5,223.5,17553.5,3679,-15.5,-20.5,179,662,9792,-12.5,1594.5,1198.5,596,3505.5,342.5,2560.5,4194.5,1366,1354.5,2591.5,47615.5,18139.5,621,4717,2633,1320.5,1123,1078.5,111.5,2421.5,2756.5,256.5,3980.5,2124.5,4607,2760.5,1390.5,7258.5,34798.5,442,718.5,484.5,1362,2010
75.5,63967,10821,91,622,2263.5,43806,1086,12615,4088,1631,13098,2899,3710,60839,9917,4228.5,61705,10487.5,37250.5,3638,8759.5,7628.5,6896.5,3819,5486,33717.5,12869,6745,61229.5,55312.5,62216,60116.5,16072.5,5191.5,2467,2461,883,62821,18300,3983.5,4932,4979.5,4014,11448.5,31364.5,8012.5,2186,64291.5,385.5,1247.5,17278.5,430,5697.5,2844.5,461,5606.5,1472.5,9241.5,25664,183.5,2453,2443,3769,1689,5471.5,747,1690,8019,27150.5,881.5,3620,1258.5,-14.5,3485,4795,3722.5,-21.5,-10.5,246.5,2691.5,7790,-3,2368.5,3262.5,2045,3568,852.5,2963,5203.5,972,7108,3444.5,32566.5,14419.5,4350,3571,6494.5,1690,1226.5,960,295,2815.5,2503.5,2885.5,5107.5,1693,4414,4299.5,1715,8314.5,14647,285,6118.5,4176,3572.5,2744.5
-57.5,64534.5,48192,47,678.5,2564,57573,1227.5,45552,15264,4642,18714.5,451,7637.5,59504.5,9194.5,34858.5,62289,45494.5,23749.5,4792.5,7038.5,4791,9662,7297,1856,2424,1919,-376,63038.5,567.5,38720.5,63946,60813,21430,3202.5,1343,383,62725.5,52490.5,8266,9356.5,14173.5,16530.5,5499.5,14685.5,2813.5,699,63071,62240.5,5702.5,43997,3243,792,2451.5,1349.5,4821.5,962.5,37962.5,19871,213.5,3934.5,2115.5,3742.5,3920,5326.5,1166,2137.5,4601,64749.5,1149,4575,1540,99.5,2977.5,8760.5,3851,-16,-2.5,208,1297.5,7224,100,2835,3540,5744,5891.5,1468,3469.5,4033.5,1937.5,6997.5,1840,61586,46504,4114.5,17611,6992,1412.5,1499.5,2100.5,422,3178.5,3473,7691.5,10632,5685.5,14383.5,4444.5,1592,19628.5,1167.5,160,2013.5,2715,244.5,11100
-10.5,32538.5,35684,-303,355,4677,36917,512,2324,250,2880,12651.5,-502,6251,59979.5,10258,6878,64618,24037.5,36683,7163,28452.5,935,8003,13206.5,6143,23821,1952,12052,33434.5,-146,40190,64217,22883,16637.5,23677.5,1806.5,267,63739,28820,4497,7612,19975,3500,32980,44734.5,1136,146.5,62798.5,63622,2120.5,30483,1684.5,1208.5,1717,1034.5,3053.5,730,15349.5,7875,465.5,2632,3207.5,5756,1761,5302,724,2671.5,1815.5,62443.5,1501,4504.5,1390.5,-13.5,509.5,4669,6851,-32,-7,298,221,7681,29,1973,2523.5,2748,5406,1451.5,4579,7446,1687,1097.5,3133.5,62931,32411,1389.5,14159,10175.5,2354,2694.5,1063,150.5,4109.5,2461,1052.5,8383,2973,13745.5,4306.5,2019.5,15431.5,25096.5,783.5,855,1008,1679,3526.5
208.5,60888.5,27830,236.5,984.5,3548,39797,-9,5931.5,1985,3168,35983.5,1104.5,5966.5,57627,20077.5,36022.5,60632,50332,49789.5,5044,14431.5,7193,5387.5,6940,3332,10285.5,10785,5958,64610,63880.5,63879,60141,36185,10283,5736.5,3256.5,933.5,62911.5,60532.5,6554.5,42724.5,18897.5,4988.5,12700,40401,6732,3472,59957,693,2057.5,60348.5,1908.5,13571.5,5663.5,1020.5,37858.5,1805,28235.5,18226,368,6469,4392,5449.5,3054.5,7705.5,5619.5,3858,14139,63482.5,1964,7667.5,2375,-4,4985.5,9926.5,5623,-22,-39.5,370,4281.5,45959,94,4652,4948.5,2119.5,11755,2362,3225,15237,2671,5109,3269,42570.5,32068,6520.5,15947.5,10824,5651.5,2095.5,3405,352.5,4802.5,4037,5342.5,15077,8750,17502.5,6092,2266.5,17393,18591.5,-30.5,28904,5774.5,2406,9828
-26,62550,14843,3180,623,1653,38248,264,5554.5,2944.5,1046,17322,2207.5,2874,57555,11662.5,4130,63727,39974.5,27332,7853,21275.5,20683.5,18067.5,-26.5,9147,19870.5,22629,17286,38499,26174,64571.5,64058,13644,7837.5,2696,1082,669,12421.5,25517.5,1641,17674,6818.5,1683,28323.5,30160,14456,20392.5,64052,1461,828.5,12260.5,406,940.5,1087,302.5,1468.5,364.5,48524.5,25406,184,1834.5,2212,3325.5,1909,7307.5,669.5,1155.5,13802.5,64867,763,3582,1403,-8,4185,5881.5,3838.5,-5.5,-14.5,210.5,3882,8250.5,27,2236.5,3086.5,601.5,2471.5,1156.5,3270,2609,2519,42280.5,18175,24235,23656,4216,6269.5,13661.5,1031,1692,9816,151,3790,2086.5,3038.5,8085,22474,44980,2818.5,949,16452.5,25338.5,478,9716.5,9614.5,3622.5,2302
-10.5,28536,14883.5,14155,852,31272,34335.5,-421,23274,3268,6020.5,6880,12940,14363,58853,20552,7276,45970,13992.5,45462,13536.5,19281,16896.5,7130.5,14268,4729.5,27074,29322.5,16453.5,6337.5,2152,8585,59781,17825,46232.5,8542,2049.5,1614.5,16972.5,23165.5,8823.5,30844.5,19089.5,8762,44470.5,31270.5,10926,2410,62623.5,62679.5,25410.5,21125,2035,3365.5,4132,2474.5,11160.5,3626,24867,12173.5,6363,11440,26152.5,30257.5,12191.5,15663.5,10437,13510.5,21940,63269,17909,37595,8557,-45.5,8161,7824,22597.5,-133,-41,215.5,9902.5,41442.5,730.5,10813,16002,16211,15131.5,23868.5,27354.5,26165,4818.5,37844,4024,22319.5,19298.5,19092,4239.5,29716.5,12300.5,15783.5,20994.5,115.5,21829.5,17538.5,14303,28535.5,20044,12739,20055.5,11659.5,30484.5,29775.5,637,14464,11579.5,4831.5,25077.5
-39.5,63991.5,29962.5,938.5,1056,4869,30906,-44.5,4102.5,1534.5,3761.5,9970.5,987,12223,62237,15695.5,48358.5,63153.5,38914,34764.5,5935,11721,18869,11918,5174,6447,11102,23142,9712,31300,3914,14680,63766,17351,10202.5,5245.5,2682,595.5,53936,17460,12040.5,24320.5,64191.5,7023,17121,22120,11309.5,1782.5,46813.5,36865.5,2949.5,60654.5,880,1270,1779,1164,4436.5,102.5,19512.5,11930.5,541.5,2532.5,4276,10330,2051,6333,2309,3787,10039.5,64521,1219.5,4880.5,1434.5,-1,3252,7669.5,5473.5,-13.5,-4.5,327,2314.5,11532.5,149.5,2150,3373.5,1920,8068.5,1845,4762.5,17008.5,1477,29127.5,7081,63254.5,51390.5,4882,28821.5,5887.5,2876,2638.5,2337,-53.5,3611.5,2781.5,4519.5,9302,5284.5,38619.5,4577.5,3103.5,24320.5,24677,416.5,9688,9157,2935.5,6590
-76.5,63112.5,33266.5,55.5,953.5,4317.5,39862.5,5586.5,63020,44048,1753,15369,5094.5,4453.5,59739.5,9355.5,12718.5,62779,56654.5,63206.5,49175.5,11021.5,63214.5,12072,6190.5,3667,57340.5,18896,8160.5,63844.5,62045,62954.5,61938,49093,12548,4611,5403.5,896.5,58250,60338.5,3883,59461,18317.5,4154.5,19766.5,15073.5,14524.5,4794,63736.5,62677,2100,63651,2886.5,-1118.5,3180,1261,58603,1443,8592,5949.5,853.5,3553,3714,5051.5,3542.5,7846.5,17475,2365.5,25223.5,64564.5,1656.5,5745.5,2783,-3,6158.5,16371,5956.5,29,-33,189.5,4146,12088,-27.5,3806.5,5651,2367.5,7192,2107.5,4356.5,13371,1846.5,31982,8117,45885,19164,5902,20123,5578,2675.5,1923.5,1248.5,149.5,5280,3257.5,7547.5,9217.5,3135.5,15390.5,4818,2876.5,21232,18985,68.5,63376.5,7243.5,1823,17114.5
113,63975.5,62599.5,347,616,2662,30009,-162,8005,2376,2358.5,15433,935.5,4007.5,60275,7055.5,9694,62938.5,17438,27275,3753.5,10651.5,10209,5470,6991.5,3543,10935.5,16744.5,8030,20561,19030,36273.5,64477.5,63804,10748.5,2777,1771,656.5,62751.5,29199,7532,11862,61934.5,5853.5,20111.5,17352.5,10806.5,5122.5,35807.5,31483.5,2310,17913,1630,2179.5,1986.5,1261,19689.5,1505.5,18291,11665.5,838.5,2392,3817.5,4399.5,4250,6850,4918,3568.5,14322,55740.5,2205,7012,5465.5,-40.5,3237.5,5910.5,5509.5,-15.5,-19.5,217.5,2667.5,6664,135,3854.5,4535.5,1775,3845.5,3617,3279,5579,2048.5,32744,5185.5,46416.5,21460,4416.5,5096,6786.5,3501.5,3324.5,3118.5,771.5,3797.5,4167,5636.5,9693,11426.5,7452,5082.5,3735.5,9376,19665.5,558.5,35619.5,8552,3886,5655.5
181.5,61921.5,14490.5,-417,1044,3079,27899.5,-52,4027,2093,1483,7385.5,4161,10140.5,61366.5,11015,6016,63819,63846.5,27145,6179.5,19003.5,16356,8736.5,8318.5,12084.5,14472,21902.5,14935.5,64507.5,63601.5,64356.5,63077.5,12446.5,8443.5,32484,1490,452.5,62106.5,63009,3947,10613,11041,2588.5,26331,22307,16337,2381,64429,63922.5,2225,20055,1237,6456.5,3956,722.5,5693.5,15430.5,14793,7347.5,201.5,2293.5,4545.5,5141,1717,7554.5,949.5,3391,11621.5,64670,1156,4308,1564.5,-16.5,3814,3305.5,5181,-10.5,-53,512.5,4327,8926.5,56.5,2541.5,4124,1342,3589.5,1228.5,5396,7945,1521.5,44912,7970,26697.5,20963,4294,4231,7979,2397,2572.5,1503,-18.5,3359.5,2190.5,8254,6443,3844,6771.5,7635,2335,13111,46302,314.5,8613.5,21253,3850,5402.5
-114,62962.5,19247,69,2839.5,3546,43043,-26.5,5625,1246,1995.5,10598.5,993,9502,60465,14364.5,5997.5,61815.5,63972,18759.5,28153.5,10029.5,36369.5,45866.5,6027.5,2975,11122.5,61322,6338.5,64283.5,63516.5,64532.5,63249,59449,8982.5,1516.5,1314.5,-8,64014.5,21743.5,5707,7609,14217.5,1315,32040.5,63783,7802,14475,60863.5,52536,2731.5,64237.5,1567.5,-452,1561,615.5,2904,1026,16024.5,7245.5,417,2079.5,2971,4995.5,3508.5,4925,802,1454,13908,60394.5,2319.5,4786.5,1261,-17.5,2920,8995,5442.5,-7,-49,-27.5,3524,9116.5,105,3491,2833,1252,2990,890.5,3659,6490,1562.5,10087,1675.5,63335,16936.5,5062.5,4849,5290.5,1239.5,1738,970,580,4048,3130,1928,4963.5,3235,23806,3972,1828.5,14432.5,17877,-167.5,9536,5055.5,1112,4273.5
-0.5,59962,47765.5,-58,1343,2756,37146.5,39541.5,61802.5,3302.5,2256,13892.5,1678.5,5400,58828.5,11823,17492.5,24950.5,43338.5,15853.5,55984,16225,64524,64506.5,14964,3764,7217.5,64481,11290.5,60447,63791.5,63942.5,58276.5,49120.5,9999.5,22894.5,2503.5,1052.5,58755,64040.5,40465.5,46520.5,15074.5,4363,19546.5,15197.5,13651,5152,13040,10862.5,1909.5,40855,965,-154,1747,784,4193,965,17538.5,63349.5,759,3861,3023,4152,3228.5,9089,2050.5,1647.5,19076.5,64559,1703.5,7049,1794,-40,4515.5,7726,4170.5,-40,-45.5,164.5,4220,22056,157.5,4503,5637.5,2715,5353.5,5039.5,4089.5,4812.5,3404,5673.5,8777,25023,22824.5,7710.5,58393.5,4176.5,1608,1930,1239,324.5,4591,2404,8206.5,8948.5,3047,11157.5,3820.5,-1069.5,16756,41051.5,531.5,25769.5,9813.5,12326.5,10443.5
558,60872.5,61726,196,4037,18674.5,41353.5,-118,61278,13883.5,10480,61688,4968,56946,59814,57507.5,51546.5,60611.5,61525.5,60689.5,63198,46785,63373,11815,49018,40146,62994.5,63344.5,54933.5,62207.5,61684.5,61945.5,52507.5,62302.5,63034,36205,36578.5,4091.5,61058,60673,62060,61629,61989.5,37915.5,50595,63362,37722,46946,59973,60211,27273,61731,6328,20711,13449,4910.5,45443,13536.5,61805.5,62401,2253,16504.5,18116.5,29914,22913.5,20956,8491,11247,52704,63336.5,10545,14018,9178,52,13532,62222,17562.5,212.5,128,665,10299.5,52955,302.5,15439,13044.5,7689,24340.5,6533,26274,30467.5,5586.5,37867.5,2006,61593.5,61085,19232.5,61606,59781,12870,22747,43292,3138.5,17766.5,11571,34468,48240.5,63356.5,61502.5,22376,25193.5,54728.5,57940,1270.5,38678,12490.5,10364,24564
689.5,61880,62452,200.5,5591.5,17400,49832,-198.5,61123,12747,13003.5,61916,5000.5,58417,59795.5,58178,53482,61933,62505.5,61602.5,63077.5,52784.5,62186.5,12410,49306,41395.5,62812,62777.5,54285,62257,61630.5,61284,53597,62499,63107.5,40848,43875.5,4754.5,61720.5,62234.5,62003,62537,61895,33548,59915.5,63214,39195.5,45410.5,60280.5,60547.5,22036.5,61858.5,6248,19782.5,12764,6651.5,46474,12579,62645.5,63276.5,2370,19893.5,18668.5,31557.5,25486,22851,9404,9569,62784.5,63068,8704.5,15359.5,7452.5,174,16022,62339,19997.5,89,62,487,13275,59710,448.5,14688.5,12995,8334,27138,7014.5,23214.5,34404,6536,43101,2830.5,62204,60932,21550.5,62295,63196.5,9531,14599,46107.5,1324.5,19747.5,12281,35863.5,54542.5,63180,62235.5,23630,22683.5,52132,61229.5,1448.5,39345.5,11831,9024,27668.5
758.5,61436.5,62103,273.5,4350.5,17283.5,26806,-123,60988.5,15760,12242.5,61378.5,5198,63133,59066.5,58677,51543,61192.5,61141,60967,63254,53051,62970.5,11732.5,52168,43363.5,63124,62859.5,56187,62243.5,61610,61975.5,52471,61180.5,63036,42682.5,45802.5,6764.5,60892.5,61348.5,62340,62354,61884.5,35682,62334.5,63540.5,39773.5,49048,60025.5,60239.5,27977,61045,6759.5,20226.5,15731,4952,52580,13593,62434,63214,3221,16000.5,21840,34093.5,27927,20676.5,10253.5,11371.5,59393.5,63284.5,13363,17314,10681,-3.5,16476.5,61421,25874,300.5,-43.5,527.5,11522.5,62939.5,340,16205.5,13738.5,12431.5,23011,9200.5,21815,37602,5238,46138.5,2832,61481,61073.5,21863,61529,63198,10591.5,22743,55587.5,2948,16247,12008,45348,55629,63453,61607,24910.5,31908,58137.5,63879.5,1741,47905,15011,11383.5,25966
580,60603,61518.5,402.5,2994,8944,48030.5,-374.5,60529.5,9889.5,9722.5,60856,2580.5,52764,56200.5,10167.5,50579,59445,61023.5,23290,18043,1752,60663,10182,33678,6216.5,1536,21347.5,-25,62262,62730.5,41130.5,47869.5,60908.5,60758,33574,3369,2428.5,61033,59979,61589.5,62456.5,61673,35451.5,939.5,7413.5,30426.5,43457,59668.5,60012.5,20093,60518,6690,13704,14432,7034.5,26713.5,12089.5,61626.5,63037.5,1624,16205,2409.5,25116.5,19285.5,15247,7378,2331.5,33206,63433,3775,13511,6613.5,-65.5,9621.5,60925,9257,-186.5,-113,444.5,7778.5,27035,-31.5,14710.5,11631.5,3949,18991,7320.5,13999.5,16416.5,6394,3848.5,2126,61282,60538,14037.5,61770,41490,7068.5,10598.5,39725.5,1331,18383.5,14465,30776.5,51208,63183,60984,21754,18745.5,48429.5,1654,-537,28582.5,9261,242.5,19094.5
-14.5,60187,60938.5,297,1768.5,11959,18575,-459.5,59282,7280,9528,61003.5,3433.5,56274,57961,57942,51508.5,60090.5,61307,61182,62635.5,41255,61431,7632.5,40419.5,35638.5,60902.5,52215,48808,60856,61703,61263,53472,61006.5,62016.5,31393.5,26673,2611.5,60099.5,60387.5,60847.5,61238,53440,29177,48127.5,53855,24547.5,32327,58800.5,59423.5,20197,60916,3209.5,12672.5,10297,5418,39122.5,6922,61490,61796.5,5716,10204.5,16507,25063,13145.5,7819,8567,2084,19833,62444,12777.5,8556.5,4303.5,45.5,6802,61066,23507,-23.5,-7.5,250.5,5380,47332,-8,7704.5,7674.5,10095.5,12554,4097.5,25779.5,13618,4680,18916,1782,61051,59937,12767,61006,59331.5,3616.5,10839,46269,1148,8494,7706.5,21759,27877,61967,60629,12089,23439,46987,48531,820.5,23446.5,7914.5,7966,14919
110.5,10255.5,7781.5,94.5,265,6261,24565,-99.5,4614,1507.5,4954,4651,777.5,5426.5,59814.5,4703.5,2157,6558,7194.5,12068,2285,3895,2827.5,866,1855,924,5105,5032.5,3301,6303.5,2703.5,9305.5,4389.5,7752,5906.5,3720.5,844.5,978.5,6963,7373,3860.5,4971.5,4244,5309,11961,9666.5,4133.5,193,50314,49501,4847,6928,3153,1958,3492,1912,4160.5,1642.5,7441,5854,2031.5,3193,6244.5,5995,4972.5,6179.5,1945,5454.5,7294,20811,4491,3928,3859.5,-28.5,3741,5818,7065.5,4.5,-16.5,505.5,4136.5,7914.5,107,4613.5,4750.5,4188.5,3590.5,2978.5,5733,7860,2778,9713,348.5,15754.5,6292.5,5150.5,4932.5,6932.5,3190.5,5250,4357.5,1537,5145.5,3237,4365.5,5462,6093,6011.5,4323.5,3764,7746,11301.5,512.5,3677.5,3150,2415,4317
-2,16328,13858,806,629,4267.5,39131,-0.5,4596,1114.5,4668.5,13594.5,823.5,9552.5,61662.5,11254.5,2489.5,19197.5,15055,16603,2683.5,5264,4559.5,1369.5,2959,1532.5,7388,5661,4239.5,8419,705.5,3927.5,28128,10778.5,10229,3394.5,1032,487,17906.5,13148.5,5690,9780,5312.5,4906.5,14840.5,16278.5,3565.5,158.5,40451.5,36530,4662.5,14817,1219.5,2121.5,1634,3569.5,3641.5,667.5,9085,11276,1193.5,2273.5,4588,7909,4261,4508,3005.5,4053,11528,30927,3511.5,3371,2967,-3,3062.5,6729.5,7676.5,-7,-12.5,328.5,3583,11818.5,266,4307.5,4180.5,1855,4177,3752,8349,11525,1918.5,7760.5,403,24547.5,7693,3443,3866.5,8313.5,1925.5,7330,6739.5,530.5,3849,2416,6214.5,8843,6194,9392,4999.5,3265,12073,10894.5,-118.5,3698,5619,2948,4758
-9,7982.5,8732,715.5,257,3476,37165,-25.5,5203,207,6736.5,7527.5,290.5,2698,59602.5,1479.5,2115,8200.5,6160.5,416.5,-5.5,-109,117,856.5,712.5,322,288.5,-0.5,-262,4994.5,73.5,300,-31,5426,4679.5,12903.5,473,-12,7810,4913,5566.5,5526.5,10822,5627.5,-100,99.5,224,808,59377,57325,2997,19293,5642.5,1661.5,4874,1989,607.5,1646.5,7496,4296,746.5,6172.5,977,4747,4102.5,6181.5,1456,541.5,884.5,14939,2885.5,4251,3230.5,681.5,498,5882.5,3007.5,-49,-46,130.5,338.5,1756.5,80.5,4910,3555.5,309.5,9277.5,2177,5064,5142,5318.5,3974.5,448,9025.5,11408,1018.5,6021,2180,1995,2317,2065.5,1249.5,6079.5,5356,1885,12184,3626.5,4189.5,6350.5,2568.5,9827,288.5,-99.5,-14.5,98.5,-47,12154.5
-4,12316,11337,757.5,312,2054,44934.5,-1.5,1028,618,2376.5,8877.5,770,3289,62200,4439.5,2413,10940.5,15974.5,9778.5,802,2908.5,2966.5,1317,621,494.5,3554,3390.5,1926,5253.5,362,1828.5,20892.5,11244,3285,1637,306,559,14213,7007,2661,5082,3997.5,1508,8281,14049,2259.5,208.5,35830.5,34396.5,3246,10680,885.5,3336,1669.5,792.5,1589.5,114,10548.5,4653.5,223.5,1522.5,851,4194.5,2333,2306.5,913,1376.5,6543,21930,411,1334,706.5,-16.5,2043.5,6429.5,1857.5,-81.5,-36,73.5,2350.5,1658.5,-19,1107,1188,416,1602,751,1563.5,4482.5,1116.5,2680.5,655.5,20025.5,6124,3148,3343,2551.5,1083,2347,1815.5,103,1359,1082.5,2218.5,5086.5,2922,5758,2836.5,4606.5,11962,5859,85.5,2529.5,1491.5,801,1757
-8.5,8402.5,8705,773.5,465,4274,13328.5,19153.5,3348,2506.5,3832,6140,1149,5151.5,58667,9513.5,1796,6440.5,6802,18171,1038.5,2587,3620.5,2164,1576.5,716.5,7271,4748.5,2519,5502.5,1017,2600,3323.5,8051,6857,9355.5,1838.5,1780.5,6937.5,3918,4944,5757.5,7162,6151.5,3271,5658,4724.5,981.5,60480.5,58458.5,4553.5,19015.5,7808,-47.5,3737,3059.5,2016.5,1764.5,5896.5,5856,972.5,3969,3301,6487,4461,8274.5,2142.5,3514.5,5968.5,20945,2294,5664.5,2964,371,3389,4582.5,5362.5,-1,-2,327,3337.5,10960,114,4207,5702.5,2018.5,8884.5,2389,4333.5,7927,3079,8638,2289,13351.5,9958,5414.5,6409,7593.5,2203.5,2564.5,2476.5,696,5875.5,4480.5,6345.5,12596,3699.5,4722.5,5241.5,3004.5,5310,11528.5,336.5,5682.5,3017,1266,15432.5
-21.5,5624,4952.5,86,289,4768.5,6981,4006,2710.5,1035.5,3990.5,3828.5,1028,2873.5,59917.5,3493.5,1696.5,5396.5,5284.5,10759.5,1291,2094.5,1916,1339.5,994.5,705.5,2572,3210.5,1893,5157.5,1352,10434.5,6714,6612.5,4167.5,5064,777.5,815,4751.5,4568.5,2827.5,4277,3204.5,3733,11873.5,4116,2823.5,779.5,46729,52209,2862.5,7122.5,4006,-32.5,2201,2398,2014,1311.5,4186.5,4222,936,2213,3445,3458.5,2928,5332,1342,2968,1930,14037.5,2349,2910,1921,-2.5,2131,4151.5,4742,-2.5,-17,285.5,2075.5,5025,120.5,2661.5,3664,1555.5,3646,2513.5,3932.5,4743,1851,3537.5,1135,14915,6262.5,3453.5,3194.5,4126.5,1741,3495.5,1634.5,628,3469.5,2909,1499,5280.5,3377,3241,4111,1582,3456,5301.5,105.5,1714,2056.5,846.5,3568
-19,4488.5,8605,566.5,473,2486.5,27500.5,17284,4228,1848.5,5728.5,6660,845.5,2048,58816,86,1866,5333,4519.5,172.5,-15,-286.5,3662.5,2559.5,116,-0.5,-9.5,3818.5,-1343.5,5886,1240.5,11.5,44.5,5748,3367,8974,-53.5,1253,6098.5,4362,6867,5023.5,7426.5,4399.5,-10.5,-101.5,6112,2202,60071,59000,3076.5,20789.5,9259,-88.5,4320.5,3526.5,610.5,2326,5325,4222.5,574.5,4844,293.5,4267,5704,7670,2536,464.5,7268,20365,485,6368.5,3510.5,318,5157.5,3888.5,170,-28.5,-28.5,201.5,4882.5,164.5,172,5372.5,5768,43.5,9735,3967.5,3168,3551,4381.5,1623,2050,7778,7990,6813,5117.5,690,706.5,1602,1441,477.5,6312,3845,10004,13524,2881,3212,5638.5,2336,5778.5,-6,-193,8053.5,4030.5,-74,13911.5
-29.5,6281,6081,52.5,339.5,4242.5,40262.5,-59.5,3644,1528,2814.5,4402.5,830,5109,59316,4684,1247,5289.5,6129,14441,1682,4337.5,2892,760.5,1439.5,710,3277.5,4481,2955.5,6832,3551,9613,3450,6575.5,6117.5,4303,556,817,5175,3800,4415.5,4559.5,3715,5506.5,17908,7870.5,6055,263,54512.5,56723.5,3876.5,7467.5,2556,370.5,3445.5,2339.5,3320,2731.5,4818.5,3669.5,1263.5,3208.5,4914,5382,4322,6862,2593.5,3520,7814,15596.5,3207,5655.5,3610,-31,5879.5,4655,5249.5,-21,-11,228,3427,7331.5,146,4842.5,5632.5,2612,5801.5,3070.5,5401,5478.5,3035,6383,624.5,11983,7655.5,5868,4055.5,5410,2778.5,3265.5,2826,853,5431.5,3979.5,5722.5,7149.5,3655.5,3810.5,4982.5,3050.5,5678,9185.5,645,4332,3781,2446,4619.5
113,7251,4813,222.5,248,3279.5,30322.5,-141,1670.5,944,2197,2561.5,411,2570.5,58487,3667.5,1017.5,4663.5,4625.5,11175,1500,2674,1560.5,695,1189.5,595,2564,3074,1663,3283,1771,8410,2547.5,6922,4001,1688.5,593.5,293.5,3255,3099,1875,3213.5,2210.5,1967,13243,5830.5,2673.5,139.5,48939.5,50077.5,2781.5,4080.5,1806.5,1071.5,1853.5,773.5,2657.5,671.5,4765.5,3131.5,577,1833.5,2645,3409.5,1763,3156.5,525,2764.5,3728,11670.5,2496.5,2537,1824,-23.5,1740,3009,4136.5,-43,-5.5,346,1845.5,5070.5,72,2497.5,2638.5,1805,2525,1441,4032,6047.5,1177,3172,293,13390,4496,2709.5,1809.5,4800.5,2035.5,2540.5,1809,794,2722.5,1614,2363,4248,3058,3670.5,3068.5,1567.5,4802.5,7080,295,1814.5,2242,1620,2949.5
-42,8910,6322,87.5,173,3256,20183.5,3617.5,2221,953,2733,3121.5,572,3560.5,60357,3213,1267.5,6075.5,5599,10613,1006.5,2593.5,2213.5,1618.5,1319.5,581,2563.5,3394,1457.5,4525,2536.5,7889.5,1881,6108,3873.5,4111,421.5,865,5774.5,5058.5,2820,4693,3030.5,2921,7756,4326,2832,464,41713,43686,3732,7224,3614.5,-46.5,2347,2156.5,1522,976,5375,3527,933.5,2188,2153,4139.5,2179.5,3884,872.5,2494.5,4483,18828,1963,2602.5,2380,-14,1848,3139.5,4253,-3.5,-3.5,190.5,1613.5,4670.5,56,2373.5,2415.5,1894.5,3704.5,1733,3625.5,4096.5,1810.5,4238,1312.5,11347,6018,2794,3228.5,4839,1369,2133,2007.5,205,3419,2218.5,2183,5861.5,4101,3364.5,3421,1678,4618.5,7173.5,154,1354,2802.5,832,4048.5
